respondent,study,sequence,wtp,monotonic_wtp,wta,monotonic_wta,monotonic,lotterychoice,lotteryrescaled,monotonic_lottery,female,age,education,occupation,income,wealth,studies_pooled,study2_seq,price_pooled,price_treatment,condition
301,2,1,1.5,1,8,1,1,2,6,1,0,2,1,1,2,3,2,1,1.5,0,3
302,2,2,.5,1,.5,1,1,7,1,1,1,2,3,3,3,2,2,2,.5,0,3
303,2,1,.5,1,7.5,1,1,2,6,1,0,5,1,3,4,4,2,1,.5,0,3
304,2,2,1.5,1,8.5,1,1,1,7,1,0,2,1,1,3,5,2,2,1.5,0,3
305,2,1,1.5,1,6,1,1,4,4,1,0,1,1,3,1,2,2,1,1.5,0,3
306,2,2,2,1,5.5,1,1,5,3,1,0,4,2,4,4,5,2,2,2,0,3
307,2,1,2.5,1,6.5,1,1,5,3,1,0,3,1,3,3,3,2,1,2.5,0,3
308,2,2,2,1,8,1,1,2,6,1,0,4,2,3,5,4,2,2,2,0,3
309,2,1,,0,7,1,0,2,6,1,1,3,2,3,4,3,2,1,,0,3
310,2,2,3.5,1,6.5,1,1,3,5,1,0,1,3,3,2,3,2,2,3.5,0,3
311,2,1,3.5,1,6.5,1,1,4,4,1,1,2,3,1,2,2,2,1,3.5,0,3
312,2,2,1.5,1,6,1,1,5,3,1,0,5,2,1,5,4,2,2,1.5,0,3
313,2,1,2.5,1,5.5,1,1,4,4,1,1,1,1,4,2,4,2,1,2.5,0,3
314,2,2,3.5,1,5.5,1,1,,,0,0,2,1,5,1,2,2,2,3.5,0,3
315,2,1,5,1,9.5,1,1,6,2,1,1,2,2,3,4,3,2,1,5,0,3
316,2,2,1.5,1,2,1,1,7,1,1,0,3,2,3,3,3,2,2,1.5,0,3
317,2,1,1.5,1,7,1,1,4,4,1,1,4,2,1,5,6,2,1,1.5,0,3
318,2,2,3,1,6,1,1,5,3,1,0,4,2,3,4,3,2,2,3,0,3
319,2,1,5,1,7.5,1,1,6,2,1,0,3,2,3,1,1,2,1,5,0,3
320,2,2,4,1,7.5,1,1,4,4,1,1,3,2,3,3,2,2,2,4,0,3
321,2,1,1,1,,0,0,1,7,1,0,6,1,2,6,6,2,1,1,0,3
322,2,2,2,1,8.5,1,1,3,5,1,0,4,2,3,4,4,2,2,2,0,3
323,2,1,2.5,1,9,1,1,2,6,1,0,3,1,3,3,2,2,1,2.5,0,3
324,2,2,2.5,1,3,1,1,2,6,1,0,2,2,5,1,2,2,2,2.5,0,3
325,2,1,0,1,7,1,1,2,6,1,0,3,2,4,6,7,2,1,0,0,3
326,2,2,.5,1,8.5,1,1,2,6,1,0,6,1,1,5,5,2,2,.5,0,3
327,2,1,2.5,1,8,1,1,4,4,1,0,4,2,3,5,3,2,1,2.5,0,3
328,2,2,4.5,1,7,1,1,5,3,1,0,4,2,3,3,3,2,2,4.5,0,3
329,2,1,.5,1,6.5,1,1,2,6,1,1,5,1,1,5,3,2,1,.5,0,3
330,2,2,2,1,6.5,1,1,3,5,1,0,4,2,3,4,3,2,2,2,0,3
331,2,1,,0,,0,0,,,0,0,6,2,4,6,5,2,1,,0,3
332,2,2,3,1,6,1,1,,,0,1,3,1,3,3,3,2,2,3,0,3
333,2,1,2,1,7,1,1,4,4,1,0,5,2,1,5,5,2,1,2,0,3
334,2,2,3,1,6,1,1,6,2,1,1,2,1,3,2,2,2,2,3,0,3
335,2,1,1,1,.5,1,1,7,1,1,0,1,2,3,1,1,2,1,1,0,3
336,2,2,4,1,6,1,1,7,1,1,0,4,1,3,4,3,2,2,4,0,3
337,2,1,.5,1,7,2,0,2,6,1,0,6,2,1,6,3,2,1,.5,0,3
338,2,2,3,1,8.5,1,1,3,5,1,0,5,2,2,6,5,2,2,3,0,3
339,2,1,4,1,8.5,1,1,4,4,1,0,5,1,4,4,3,2,1,4,0,3
340,2,2,4,1,5.5,1,1,3,5,1,0,1,2,3,2,3,2,2,4,0,3
341,2,1,2.5,1,7,1,1,3,5,1,1,3,1,3,3,3,2,1,2.5,0,3
342,2,2,2,1,2.5,1,1,,,0,0,2,1,3,2,2,2,2,2,0,3
343,2,1,1,1,2,1,1,7,1,1,0,3,1,4,1,1,2,1,1,0,3
344,2,2,,0,,0,0,4,4,1,1,3,1,3,5,4,2,2,,0,3
345,2,1,1.5,1,2.5,1,1,7,1,1,0,3,2,5,3,3,2,1,1.5,0,3
346,2,2,3.5,1,8,1,1,4,4,1,0,4,1,3,4,4,2,2,3.5,0,3
347,2,1,1.5,1,6.5,1,1,,,0,0,4,1,4,5,4,2,1,1.5,0,3
348,2,2,5,1,5.5,1,1,7,1,1,0,2,2,3,3,2,2,2,5,0,3
349,2,1,4,1,6.5,1,1,4,4,1,0,3,1,3,3,3,2,1,4,0,3
350,2,2,2,1,,0,0,3,5,1,1,4,1,3,3,4,2,2,2,0,3
351,2,1,3.5,1,5,1,1,7,1,1,0,3,1,3,3,2,2,1,3.5,0,3
352,2,2,2,1,6.5,1,1,5,3,1,0,4,3,1,5,6,2,2,2,0,3
353,2,1,3.5,1,5,1,1,,,0,0,4,2,3,3,4,2,1,3.5,0,3
354,2,2,.5,1,5,1,1,5,3,1,0,3,2,3,3,3,2,2,.5,0,3
355,2,1,2.5,2,5,1,0,5,3,1,0,4,2,3,3,3,2,1,2.5,0,3
356,2,2,0,1,5,1,1,3,5,1,1,3,1,3,3,3,2,2,0,0,3
357,2,1,4,1,7.5,1,1,4,4,1,0,2,1,3,1,2,2,1,4,0,3
358,2,2,2,1,7,1,1,3,5,1,0,2,1,3,2,6,2,2,2,0,3
359,2,1,1.5,1,8.5,1,1,1,7,1,0,3,1,2,5,6,2,1,1.5,0,3
360,2,2,3,1,7.5,1,1,4,4,1,0,3,2,5,4,3,2,2,3,0,3
361,2,1,3,1,7,1,1,3,5,1,0,4,2,4,4,4,2,1,3,0,3
362,2,2,2,1,7.5,1,1,3,5,1,0,3,3,5,6,3,2,2,2,0,3
363,2,1,2,1,5.5,1,1,,,0,0,5,2,4,5,5,2,1,2,0,3
364,2,2,3,1,7,1,1,3,5,1,0,2,2,3,5,2,2,2,3,0,3
365,2,1,1,2,4.5,1,0,4,4,1,0,2,1,3,2,2,2,1,1,0,3
366,2,2,.5,1,5.5,1,1,3,5,1,0,2,2,4,4,2,2,2,.5,0,3
367,2,1,2,1,7,1,1,3,5,1,0,6,2,3,6,5,2,1,2,0,3
368,2,2,2.5,1,8,2,0,,,0,0,5,2,3,5,5,2,2,2.5,0,3
369,2,1,2,1,6,1,1,4,4,1,1,1,1,3,3,5,2,1,2,0,3
370,2,2,4,1,5.5,1,1,7,1,1,0,2,1,4,1,5,2,2,4,0,3
371,2,1,3,1,6,1,1,5,3,1,0,2,1,5,2,2,2,1,3,0,3
372,2,2,1.5,1,5,1,1,6,2,1,0,3,1,3,3,3,2,2,1.5,0,3
373,2,1,2,1,5,1,1,4,4,1,0,3,1,4,3,3,2,1,2,0,3
374,2,2,1,1,5.5,1,1,,,0,0,4,2,2,3,3,2,2,1,0,3
375,2,1,2,1,5,1,1,4,4,1,0,5,2,4,2,4,2,1,2,0,3
376,2,2,2,1,5,1,1,5,3,1,1,6,3,4,5,3,2,2,2,0,3
377,2,1,7,1,6.5,1,1,7,1,1,0,1,2,4,3,1,2,1,7,0,3
378,2,2,5.5,1,9,1,1,3,5,1,0,3,2,1,6,4,2,2,5.5,0,3
379,2,1,2.5,1,8.5,1,1,2,6,1,1,4,2,3,6,2,2,1,2.5,0,3
380,2,2,0,1,1,1,1,,,0,0,3,2,4,1,1,2,2,0,0,3
381,2,1,2.5,2,7.5,1,0,4,4,1,0,5,1,3,4,3,2,1,2.5,0,3
382,2,2,2,1,1,1,1,7,1,1,0,2,2,3,3,3,2,2,2,0,3
383,2,1,2.5,1,6,1,1,4,4,1,0,5,2,4,3,5,2,1,2.5,0,3
384,2,2,2.5,1,7,1,1,5,3,1,1,6,2,1,4,6,2,2,2.5,0,3
385,2,1,2.5,1,6,1,1,4,4,1,0,4,2,4,3,5,2,1,2.5,0,3
386,2,2,2.5,1,8.5,1,1,3,5,1,0,3,2,2,5,3,2,2,2.5,0,3
387,2,1,2,1,6,1,1,5,3,1,0,4,1,3,5,4,2,1,2,0,3
388,2,2,3,1,8,1,1,4,4,1,1,2,1,3,4,5,2,2,3,0,3
389,2,1,3.5,1,7,2,0,,,0,1,4,2,4,5,3,2,1,3.5,0,3
390,2,2,4,1,7,1,1,6,2,1,1,3,1,4,5,3,2,2,4,0,3
391,2,1,5,1,8.5,1,1,5,3,1,0,4,1,4,4,4,2,1,5,0,3
392,2,2,1.5,1,6,1,1,4,4,1,0,4,1,4,4,4,2,2,1.5,0,3
393,2,1,5,1,5,1,1,,,0,0,5,2,4,5,5,2,1,5,0,3
394,2,2,2.5,1,7.5,1,1,4,4,1,0,4,2,2,6,4,2,2,2.5,0,3
395,2,1,3,1,5.5,1,1,5,3,1,0,4,1,4,4,5,2,1,3,0,3
396,2,2,1.5,1,6,1,1,4,4,1,0,3,1,4,4,3,2,2,1.5,0,3
397,2,1,1,1,5.5,1,1,4,4,1,1,5,1,1,6,4,2,1,1,0,3
398,2,2,2.5,1,5.5,1,1,4,4,1,0,4,2,5,4,4,2,2,2.5,0,3
399,2,1,2.5,1,5.5,1,1,5,3,1,0,3,1,4,3,2,2,1,2.5,0,3
400,2,2,0,1,4,1,1,4,4,1,0,3,1,3,3,3,2,2,0,0,3
401,2,1,3,1,8,1,1,2,6,1,0,3,2,3,5,5,2,1,3,0,3
402,2,2,2,1,6.5,1,1,4,4,1,0,1,1,3,1,5,2,2,2,0,3
403,2,1,1,1,4,1,1,3,5,1,1,2,1,4,2,4,2,1,1,0,3
404,2,2,1.5,1,4,1,1,4,4,1,0,2,1,3,3,5,2,2,1.5,0,3
405,2,1,4,1,,0,0,4,4,1,1,5,1,3,2,3,2,1,4,0,3
406,2,2,2,1,4,1,1,6,2,1,0,5,2,3,5,5,2,2,2,0,3
407,2,1,3,2,8,1,0,6,2,1,0,4,1,3,3,3,2,1,3,0,3
408,2,2,2,1,3.5,1,1,7,1,1,0,3,2,4,4,3,2,2,2,0,3
409,2,1,.5,1,6.5,1,1,2,6,1,1,5,2,1,6,5,2,1,.5,0,3
410,2,2,2.5,1,6.5,1,1,4,4,1,0,3,1,3,2,2,2,2,2.5,0,3
411,2,1,3,1,2,1,1,,,0,1,1,2,3,2,2,2,1,3,0,3
412,2,2,1.5,1,6.5,1,1,4,4,1,0,2,1,3,2,3,2,2,1.5,0,3
413,2,1,2.5,1,4,1,1,7,1,1,0,3,1,3,3,2,2,1,2.5,0,3
414,2,2,0,1,6.5,1,1,2,6,1,0,5,2,3,6,3,2,2,0,0,3
415,2,1,1.5,1,6,1,1,4,4,1,0,4,1,1,4,2,2,1,1.5,0,3
416,2,2,1.5,1,6.5,2,0,3,5,1,0,5,1,3,5,5,2,2,1.5,0,3
417,2,1,1.5,1,9.5,1,1,2,6,1,1,4,2,1,6,3,2,1,1.5,0,3
418,2,2,2,1,6,1,1,3,5,1,0,4,3,5,4,4,2,2,2,0,3
419,2,1,3,1,4.5,1,1,4,4,1,1,3,2,4,3,3,2,1,3,0,3
420,2,2,2,1,3,1,1,,,0,0,2,3,3,5,4,2,2,2,0,3
421,2,1,2.5,1,6.5,1,1,3,5,1,0,3,2,4,4,5,2,1,2.5,0,3
422,2,2,1.5,1,6.5,1,1,3,5,1,1,6,1,1,6,4,2,2,1.5,0,3
423,2,1,2,1,3,1,1,7,1,1,0,2,1,3,1,2,2,1,2,0,3
424,2,2,3.5,1,4.5,1,1,7,1,1,0,1,1,3,1,1,2,2,3.5,0,3
425,2,1,1.5,1,3,1,1,6,2,1,0,2,2,4,3,2,2,1,1.5,0,3
426,2,2,4,1,5,1,1,6,2,1,0,1,2,5,2,1,2,2,4,0,3
427,2,1,2,1,3,1,1,5,3,1,0,2,2,4,3,2,2,1,2,0,3
428,2,2,2.5,1,6,1,1,4,4,1,0,4,2,3,5,4,2,2,2.5,0,3
429,2,1,4,1,6,1,1,5,3,1,0,5,1,3,4,3,2,1,4,0,3
430,2,2,2,1,6.5,1,1,4,4,1,1,4,2,4,5,4,2,2,2,0,3
431,2,1,5.5,1,7,1,1,4,4,1,0,3,1,3,2,4,2,1,5.5,0,3
432,2,2,6,1,8,1,1,6,2,1,0,4,1,3,2,3,2,2,6,0,3
433,2,1,0,1,3,1,1,5,3,1,0,4,2,3,4,3,2,1,0,0,3
434,2,2,4,2,7.5,1,0,4,4,1,1,4,2,4,4,3,2,2,4,0,3
435,2,1,3,1,7.5,1,1,4,4,1,1,6,2,2,5,6,2,1,3,0,3
436,2,2,2,1,5.5,2,0,4,4,1,0,5,2,3,5,6,2,2,2,0,3
437,2,1,3,1,7,1,1,4,4,1,0,3,3,4,3,4,2,1,3,0,3
438,2,2,1,1,2,1,1,7,1,1,0,2,1,3,3,4,2,2,1,0,3
439,2,1,4,1,5.5,1,1,,,0,1,6,2,1,5,3,2,1,4,0,3
440,2,2,2.5,1,7,1,1,3,5,1,1,4,2,2,5,6,2,2,2.5,0,3
441,2,1,0,1,2,1,1,4,4,1,0,4,2,3,3,4,2,1,0,0,3
442,2,2,6,1,6.5,1,1,7,1,1,0,4,2,5,3,5,2,2,6,0,3
443,2,1,1.5,1,5.5,1,1,3,5,1,0,3,1,3,3,4,2,1,1.5,0,3
444,2,2,6.5,1,6.5,1,1,3,5,1,1,3,1,3,3,3,2,2,6.5,0,3
445,2,1,4,1,6,1,1,5,3,1,0,3,1,3,3,3,2,1,4,0,3
446,2,2,5.5,1,6,1,1,2,6,1,0,2,2,1,3,3,2,2,5.5,0,3
447,2,1,2,1,5.5,1,1,3,5,1,0,6,2,1,3,3,2,1,2,0,3
448,2,2,1,2,2.5,1,0,3,5,1,0,4,2,2,4,2,2,2,1,0,3
449,2,1,4.5,1,6,1,1,3,5,1,0,5,1,3,3,3,2,1,4.5,0,3
450,2,2,4,1,6,1,1,4,4,1,0,3,1,1,3,3,2,2,4,0,3
451,2,1,1,1,3,1,1,,,0,1,4,1,3,3,3,2,1,1,0,3
452,2,2,.5,1,3,1,1,6,2,1,1,4,1,3,4,3,2,2,.5,0,3
453,2,1,1.5,1,9,1,1,2,6,1,1,5,2,2,6,3,2,1,1.5,0,3
454,2,2,0,1,3,1,1,5,3,1,0,4,1,3,4,3,2,2,0,0,3
455,2,1,8,1,8,1,1,7,1,1,0,1,1,3,1,2,2,1,8,0,3
456,2,2,7.5,1,10,1,1,5,3,1,0,3,2,4,4,1,2,2,7.5,0,3
457,2,1,1.5,2,2.5,1,0,,,0,0,3,2,3,3,2,2,1,1.5,0,3
458,2,2,3,1,3,1,1,7,1,1,0,4,2,4,2,2,2,2,3,0,3
459,2,1,9,1,8,1,1,,,0,0,2,1,3,1,2,2,1,9,0,3
460,2,2,4,1,6,1,1,6,2,1,0,3,2,3,3,4,2,2,4,0,3
461,2,1,.5,1,3,1,1,5,3,1,0,6,3,3,6,4,2,1,.5,0,3
462,2,2,4,1,8,1,1,5,3,1,0,5,3,3,6,5,2,2,4,0,3
463,2,1,2,1,5,2,0,4,4,1,1,3,3,3,5,4,2,1,2,0,3
464,2,2,4.5,2,6.5,1,0,5,3,1,0,4,3,3,5,5,2,2,4.5,0,3
465,2,1,4,1,8,1,1,3,5,1,0,3,3,1,5,4,2,1,4,0,3
466,2,2,7.5,1,7,1,1,7,1,1,1,2,1,3,2,5,2,2,7.5,0,3
467,2,1,3,1,5,1,1,4,4,1,0,3,2,4,3,3,2,1,3,0,3
468,2,2,6,1,8.5,1,1,5,3,1,0,4,2,4,3,2,2,2,6,0,3
469,2,1,1,1,2.5,1,1,6,2,1,0,5,2,5,3,3,2,1,1,0,3
470,2,2,2,1,5,1,1,,,0,1,2,2,4,5,2,2,2,2,0,3
471,2,1,.5,1,1.5,1,1,3,5,1,0,2,1,3,1,3,2,1,.5,0,3
472,2,2,.5,1,2.5,1,1,7,1,1,0,3,2,3,4,2,2,2,.5,0,3
473,2,1,2.5,1,5,1,1,6,2,1,0,4,2,3,4,2,2,1,2.5,0,3
474,2,2,2.5,1,5,1,1,4,4,1,0,4,2,3,5,3,2,2,2.5,0,3
475,2,1,3,1,8.5,1,1,3,5,1,1,4,1,1,3,4,2,1,3,0,3
476,2,2,2.5,1,3,1,1,6,2,1,0,4,3,5,3,4,2,2,2.5,0,3
477,2,1,4,1,6,1,1,5,3,1,0,3,3,4,2,4,2,1,4,0,3
478,2,2,2.5,1,5,1,1,5,3,1,0,3,2,1,2,2,2,2,2.5,0,3
479,2,1,3,2,5,1,0,4,4,1,0,3,2,2,6,3,2,1,3,0,3
480,2,2,1.5,1,5.5,1,1,5,3,1,1,5,1,1,4,5,2,2,1.5,0,3
481,2,1,6,1,6,1,1,,,0,0,3,3,4,4,6,2,1,6,0,3
482,2,2,5,1,5.5,1,1,7,1,1,0,3,3,3,4,5,2,2,5,0,3
483,2,1,3.5,1,5.5,1,1,4,4,1,0,3,2,4,3,3,2,1,3.5,0,3
484,2,2,2,1,6,1,1,5,3,1,1,2,2,3,4,4,2,2,2,0,3
485,2,1,3,1,3,1,1,,,0,0,3,2,3,2,3,2,1,3,0,3
486,2,2,2,1,2.5,1,1,7,1,1,1,2,2,3,3,3,2,2,2,0,3
487,2,1,1.5,1,3,1,1,7,1,1,0,4,1,4,3,3,2,1,1.5,0,3
488,2,2,3.5,1,7.5,1,1,5,3,1,0,4,3,3,5,4,2,2,3.5,0,3
489,2,1,4,1,,0,0,6,2,1,0,4,2,3,4,3,2,1,4,0,3
490,2,2,2,1,5,1,1,5,3,1,0,5,2,3,3,4,2,2,2,0,3
491,2,1,.5,1,.5,1,1,7,1,1,0,5,2,3,2,1,2,1,.5,0,3
492,2,2,3.5,1,7.5,1,1,4,4,1,0,4,1,1,5,3,2,2,3.5,0,3
493,2,1,9.5,1,7.5,1,1,7,1,1,0,1,1,3,1,1,2,1,9.5,0,3
494,2,2,8,1,8.5,1,1,,,0,0,2,1,4,2,1,2,2,8,0,3
495,2,1,3.5,1,7,1,1,6,2,1,1,2,2,3,3,3,2,1,3.5,0,3
496,2,2,1.5,1,3,1,1,7,1,1,0,2,3,4,3,3,2,2,1.5,0,3
497,2,1,7,1,7,1,1,7,1,1,0,2,3,3,2,4,2,1,7,0,3
498,2,2,1.5,1,5.5,1,1,3,5,1,0,5,1,5,3,3,2,2,1.5,0,3
499,2,1,3,1,5,1,1,5,3,1,0,3,1,4,4,3,2,1,3,0,3
500,2,2,.5,1,5,1,1,5,3,1,1,6,1,3,3,4,2,2,.5,0,3
501,2,1,5.5,1,6.5,1,1,4,4,1,0,2,1,3,3,3,2,1,5.5,0,3
502,2,2,4,1,7,1,1,4,4,1,0,3,2,2,2,3,2,2,4,0,3
503,2,1,1,1,5,2,0,5,3,1,1,4,2,1,3,3,2,1,1,0,3
504,2,2,5.5,1,6.5,1,1,6,2,1,0,4,1,3,3,2,2,2,5.5,0,3
505,2,1,10,1,8.5,1,1,7,1,1,0,2,2,4,1,1,2,1,10,0,3
506,2,2,3,1,5,1,1,5,3,1,1,5,3,5,5,3,2,2,3,0,3
507,2,1,1.5,1,5,1,1,4,4,1,0,4,2,4,6,6,2,1,1.5,0,3
508,2,2,8.5,1,9.5,1,1,,,0,0,3,1,3,1,5,2,2,8.5,0,3
509,2,1,6.5,1,7.5,1,1,7,1,1,1,4,2,3,2,3,2,1,6.5,0,3
510,2,2,6,1,7,1,1,6,2,1,0,5,2,4,3,5,2,2,6,0,3
511,2,1,5,1,7,1,1,7,1,1,0,3,2,3,4,5,2,1,5,0,3
512,2,2,1.5,1,5,1,1,4,4,1,0,3,3,3,5,4,2,2,1.5,0,3
513,2,1,2,1,4.5,1,1,5,3,1,0,3,1,1,3,3,2,1,2,0,3
514,2,2,1.5,1,5,1,1,4,4,1,1,3,2,1,4,3,2,2,1.5,0,3
515,2,1,0,1,2.5,1,1,5,3,1,0,4,2,3,4,4,2,1,0,0,3
516,2,2,1.5,2,4.5,1,0,6,2,1,0,4,2,2,5,3,2,2,1.5,0,3
517,2,1,8.5,1,8.5,1,1,,,0,0,1,1,5,1,1,2,1,8.5,0,3
518,2,2,1,1,1,1,1,4,4,1,0,2,1,4,2,1,2,2,1,0,3
519,2,1,3.5,1,7,1,1,5,3,1,1,4,2,3,4,5,2,1,3.5,0,3
520,2,2,1.5,1,4.5,1,1,4,4,1,1,4,2,3,4,4,2,2,1.5,0,3
521,2,1,1,1,4.5,1,1,3,5,1,0,3,1,3,5,3,2,1,1,0,3
522,2,2,10,1,10,1,1,7,1,1,0,4,3,4,3,4,2,2,10,0,3
523,2,1,5,2,6,1,0,7,1,1,0,3,3,3,4,3,2,1,5,0,3
524,2,2,4.5,1,6,1,1,5,3,1,0,3,2,3,3,3,2,2,4.5,0,3
525,2,1,8.5,1,10,1,1,5,3,1,0,3,2,3,4,4,2,1,8.5,0,3
526,2,2,.5,1,1,1,1,6,2,1,0,3,2,5,3,3,2,2,.5,0,3
527,2,1,0,1,3.5,1,1,6,2,1,0,4,2,3,4,3,2,1,0,0,3
528,2,2,1.5,1,4,1,1,4,4,1,0,5,2,1,4,3,2,2,1.5,0,3
529,2,1,4,1,7,2,0,3,5,1,0,4,2,4,4,4,2,1,4,0,3
530,2,2,.5,1,3.5,1,1,4,4,1,0,3,2,3,4,3,2,2,.5,0,3
531,2,1,2,1,5,1,1,6,2,1,1,4,2,3,4,2,2,1,2,0,3
532,2,2,2,1,4.5,1,1,5,3,1,0,4,2,3,4,3,2,2,2,0,3
533,2,1,1.5,1,4.5,1,1,4,4,1,0,4,2,3,3,3,2,1,1.5,0,3
534,2,2,2.5,1,10,1,1,2,6,1,0,6,3,2,6,5,2,2,2.5,0,3
535,2,1,0,1,1,1,1,6,2,1,0,2,2,5,3,3,2,1,0,0,3
536,2,2,1,1,1,1,1,,,0,1,3,2,4,3,2,2,2,1,0,3
537,2,1,,0,,0,0,5,3,1,1,4,2,3,4,3,2,1,,0,3
538,2,2,2.5,1,6,1,1,4,4,1,0,5,2,4,3,2,2,2,2.5,0,3
539,2,1,2.5,1,6,1,1,5,3,1,1,4,1,3,3,3,2,1,2.5,0,3
540,2,2,8,1,6,1,1,7,1,1,0,3,2,3,4,3,2,2,8,0,3
541,2,1,1.5,1,6,1,1,3,5,1,1,5,2,1,5,6,2,1,1.5,0,3
542,2,2,.5,1,.5,1,1,7,1,1,0,1,2,3,3,4,2,2,.5,0,3
543,2,1,3.5,1,9.5,1,1,2,6,1,0,6,1,1,6,6,2,1,3.5,0,3
544,2,2,2,1,6.5,1,1,3,5,1,0,4,1,1,4,4,2,2,2,0,3
545,2,1,6,1,6.5,1,1,6,2,1,0,3,1,1,5,4,2,1,6,0,3
546,2,2,1.5,1,3.5,1,1,4,4,1,1,3,2,4,4,3,2,2,1.5,0,3
547,2,1,3,1,10,1,1,2,6,1,1,5,3,3,5,3,2,1,3,0,3
548,2,2,3,1,6.5,1,1,4,4,1,0,4,3,5,4,3,2,2,3,0,3
549,2,1,2,1,4.5,1,1,,,0,0,5,3,4,4,3,2,1,2,0,3
550,2,2,2,1,6.5,1,1,2,6,1,1,5,2,4,5,3,2,2,2,0,3
551,2,1,3,1,10,1,1,1,7,1,1,4,1,2,4,2,2,1,3,0,3
552,2,2,3,1,6.5,1,1,4,4,1,0,3,2,3,4,3,2,2,3,0,3
553,2,1,2,1,6.5,1,1,3,5,1,1,3,1,4,5,4,2,1,2,0,3
554,2,2,3,1,,0,0,4,4,1,0,3,1,3,4,3,2,2,3,0,3
555,2,1,1.5,1,6,1,1,3,5,1,0,3,3,5,6,4,2,1,1.5,0,3
556,2,2,8.5,1,7.5,1,1,7,1,1,1,3,2,3,4,3,2,2,8.5,0,3
557,2,1,.5,1,.5,1,1,6,2,1,0,1,1,3,2,2,2,1,.5,0,3
558,2,2,1,1,0,1,1,5,3,1,0,1,1,3,1,1,2,2,1,0,3
559,2,1,0,1,1.5,1,1,4,4,1,0,2,1,4,1,1,2,1,0,0,3
560,2,2,4.5,1,7,1,1,4,4,1,1,3,2,4,5,3,2,2,4.5,0,3
561,2,1,3.5,1,6,1,1,5,3,1,0,3,2,5,4,4,2,1,3.5,0,3
562,2,2,1.5,1,6,1,1,3,5,1,0,3,2,3,4,3,2,2,1.5,0,3
563,2,1,3.5,2,10,1,0,2,6,1,0,5,1,1,6,5,2,1,3.5,0,3
564,2,2,2,1,4.5,1,1,,,0,0,3,1,2,4,3,2,2,2,0,3
565,2,1,2.5,1,6,1,1,3,5,1,0,3,1,1,3,3,2,1,2.5,0,3
566,2,2,1.5,1,5.5,1,1,2,6,1,0,4,1,1,4,5,2,2,1.5,0,3
567,2,1,2,1,4,1,1,3,5,1,1,4,2,5,2,3,2,1,2,0,3
568,2,2,2,1,5.5,1,1,4,4,1,0,3,2,4,2,4,2,2,2,0,3
569,2,1,2.5,1,6.5,1,1,2,6,1,0,3,2,4,2,3,2,1,2.5,0,3
570,2,2,1,1,1.5,1,1,7,1,1,0,2,2,5,2,2,2,2,1,0,3
571,2,1,5,1,10,1,1,3,5,1,0,3,1,2,6,6,2,1,5,0,3
572,2,2,2.5,1,7,1,1,4,4,1,0,5,3,1,5,5,2,2,2.5,0,3
573,2,1,3,1,6.5,2,0,4,4,1,1,5,3,3,4,5,2,1,3,0,3
574,2,2,6,1,8,1,1,5,3,1,0,3,1,4,3,4,2,2,6,0,3
575,2,1,5,1,10,1,1,2,6,1,1,4,2,3,5,6,2,1,5,0,3
576,2,2,9.5,1,8,1,1,7,1,1,0,1,1,3,2,3,2,2,9.5,0,3
577,2,1,5.5,1,6,1,1,7,1,1,1,4,2,3,3,3,2,1,5.5,0,3
578,2,2,2.5,1,5.5,1,1,4,4,1,0,5,1,1,3,2,2,2,2.5,0,3
579,2,1,.5,1,8,1,1,1,7,1,0,6,1,2,5,5,2,1,.5,0,3
580,2,2,6,2,10,1,0,4,4,1,0,5,2,3,6,3,2,2,6,0,3
581,2,1,3,1,5,1,1,5,3,1,0,4,2,4,4,4,2,1,3,0,3
582,2,2,3.5,1,5.5,1,1,3,5,1,1,3,2,5,5,4,2,2,3.5,0,3
583,2,1,0,1,2,1,1,4,4,1,0,5,2,5,4,2,2,1,0,0,3
584,2,2,2.5,1,5,1,1,5,3,1,0,5,2,4,5,3,2,2,2.5,0,3
585,2,1,5,1,6.5,1,1,3,5,1,1,6,2,3,4,3,2,1,5,0,3
586,2,2,2.5,1,5,1,1,5,3,1,0,6,2,3,4,3,2,2,2.5,0,3
587,2,1,1,1,3.5,1,1,6,2,1,1,6,2,1,3,2,2,1,1,0,3
588,2,2,4.5,1,6,1,1,5,3,1,0,3,2,5,3,3,2,2,4.5,0,3
589,2,1,.5,1,2,1,1,6,2,1,0,3,2,1,3,3,2,1,.5,0,3
590,2,2,.5,1,1.5,1,1,7,1,1,1,1,2,3,2,3,2,2,.5,0,3
591,2,1,6.5,1,7.5,1,1,7,1,1,0,2,2,3,3,3,2,1,6.5,0,3
592,2,2,2.5,1,6.5,1,1,,,0,0,2,2,4,5,6,2,2,2.5,0,3
593,2,1,2,1,4,1,1,4,4,1,0,1,2,3,3,3,2,1,2,0,3
594,2,2,9,1,9,1,1,7,1,1,0,3,2,3,4,1,2,2,9,0,3
595,2,1,3,1,6.5,1,1,5,3,1,1,4,2,3,5,3,2,1,3,0,3
596,2,2,5,1,7,1,1,4,4,1,0,4,2,4,3,4,2,2,5,0,3
597,2,1,2.5,1,5,1,1,5,3,1,1,5,2,3,2,3,2,1,2.5,0,3
598,2,2,2,1,4.5,1,1,4,4,1,0,3,1,3,3,3,2,2,2,0,3
599,2,1,,0,,0,0,3,5,1,0,5,2,3,5,6,2,1,,0,3
600,2,2,6,1,6,1,1,6,2,1,0,3,2,3,3,4,2,2,6,0,3
601,2,1,3,1,4.5,1,1,6,2,1,0,4,3,3,4,4,2,1,3,0,3
602,2,2,2,1,6,1,1,4,4,1,1,4,1,3,5,3,2,2,2,0,3
603,2,1,2,1,9.5,1,1,2,6,1,0,3,2,3,6,6,2,1,2,0,3
604,2,2,5.5,1,8,1,1,3,5,1,0,2,2,3,4,3,2,2,5.5,0,3
605,2,1,2,1,4,1,1,4,4,1,1,4,2,3,4,4,2,1,2,0,3
606,2,2,2.5,1,4,1,1,,,0,0,3,2,3,4,3,2,2,2.5,0,3
607,2,1,1,1,8.5,1,1,2,6,1,1,6,2,2,6,5,2,1,1,0,3
608,2,2,4.5,1,6,1,1,3,5,1,0,3,2,5,3,3,2,2,4.5,0,3
609,2,1,8,1,9,1,1,6,2,1,0,3,3,4,4,3,2,1,8,0,3
610,2,2,8.5,1,9,1,1,7,1,1,0,1,2,3,2,4,2,2,8.5,0,3
611,2,1,2,1,2,1,1,7,1,1,0,2,2,3,2,1,2,1,2,0,3
612,2,2,,0,7.5,1,0,3,5,1,0,5,1,1,6,4,2,2,,0,3
613,2,1,7,1,9,1,1,6,2,1,0,3,2,4,3,3,2,1,7,0,3
614,2,2,7,1,7,1,1,7,1,1,0,4,2,5,2,3,2,2,7,0,3
615,2,1,.5,1,6.5,1,1,1,7,1,0,4,1,1,4,6,2,1,.5,0,3
616,2,2,8,1,8,1,1,6,2,1,0,2,2,3,3,3,2,2,8,0,3
617,2,1,5,1,6,1,1,6,2,1,1,4,2,3,5,6,2,1,5,0,3
618,2,2,5,1,4,1,1,,,0,0,3,2,3,3,5,2,2,5,0,3
619,2,1,1,1,8,1,1,2,6,1,0,6,1,2,6,4,2,1,1,0,3
620,2,2,1,1,2,1,1,7,1,1,0,2,2,5,2,1,2,2,1,0,3
621,2,1,7.5,1,9,1,1,6,2,1,0,3,2,4,3,2,2,1,7.5,0,3
622,2,2,2.5,1,4.5,1,1,6,2,1,0,3,2,3,3,2,2,2,2.5,0,3
623,2,1,1.5,1,5,2,0,5,3,1,1,4,1,1,4,5,2,1,1.5,0,3
624,2,2,1,1,6,1,1,3,5,1,0,4,2,3,3,2,2,2,1,0,3
625,2,1,3,1,9.5,1,1,3,5,1,1,5,2,4,5,5,2,1,3,0,3
626,2,2,1,1,4,1,1,5,3,1,0,3,2,3,3,2,2,2,1,0,3
627,2,1,3.5,1,4,1,1,7,1,1,0,1,1,3,2,2,2,1,3.5,0,3
628,2,2,1,1,3,1,1,5,3,1,0,4,2,1,3,3,2,2,1,0,3
629,2,1,3,1,4,1,1,,,0,0,4,1,5,3,3,2,1,3,0,3
630,2,2,2,1,6,1,1,2,6,1,0,4,2,1,4,3,2,2,2,0,3
631,2,1,1,1,9,1,1,2,6,1,1,6,2,3,6,4,2,1,1,0,3
632,2,2,1.5,2,4,1,0,5,3,1,1,5,2,4,4,2,2,2,1.5,0,3
633,2,1,3,1,3.5,1,1,7,1,1,1,5,2,5,3,3,2,1,3,0,3
634,2,2,3.5,1,4.5,1,1,6,2,1,0,2,2,4,4,3,2,2,3.5,0,3
635,2,1,1,1,2,1,1,7,1,1,0,3,2,4,3,3,2,1,1,0,3
636,2,2,2,1,4.5,1,1,5,3,1,0,2,2,3,4,3,2,2,2,0,3
637,2,1,4,1,6.5,1,1,4,4,1,0,6,2,3,4,3,2,1,4,0,3
638,2,2,2,1,6,1,1,3,5,1,1,1,2,3,5,3,2,2,2,0,3
639,2,1,3,1,4.5,1,1,6,2,1,0,1,2,3,4,2,2,1,3,0,3
640,2,2,2,1,6,1,1,,,0,1,6,2,3,4,3,2,2,2,0,3
641,2,1,3,1,6,1,1,4,4,1,1,3,2,3,5,3,2,1,3,0,3
642,2,2,7.5,1,9.5,1,1,3,5,1,0,4,2,3,4,4,2,2,7.5,0,3
643,2,1,2,1,4,1,1,4,4,1,1,5,2,3,3,3,2,1,2,0,3
644,2,2,,0,6,1,0,4,4,1,1,3,2,3,3,2,2,2,,0,3
645,2,1,3,1,5,1,1,6,2,1,0,4,1,1,3,3,2,1,3,0,3
646,2,2,2,1,4,1,1,7,1,1,0,4,2,1,4,3,2,2,2,0,3
647,2,1,4,1,9,1,1,2,6,1,1,6,2,2,6,2,2,1,4,0,3
648,2,2,3.5,1,6,1,1,6,2,1,0,4,2,1,4,3,2,2,3.5,0,3
649,2,1,8,1,9.5,1,1,,,0,0,4,1,5,3,2,2,1,8,0,3
650,2,2,1.5,1,2,1,1,7,1,1,1,3,1,5,2,2,2,2,1.5,0,3
651,2,1,2,1,2,1,1,7,1,1,0,4,1,4,1,1,2,1,2,0,3
652,2,2,7,1,6,1,1,7,1,1,1,4,3,3,6,2,2,2,7,0,3
653,2,1,2.5,1,6,2,0,4,4,1,1,3,2,3,4,3,2,1,2.5,0,3
654,2,2,5,1,5,1,1,6,2,1,0,2,2,1,5,4,2,2,5,0,3
655,2,1,4,1,6.5,1,1,4,4,1,0,3,2,3,4,3,2,1,4,0,3
656,2,2,2.5,1,5,1,1,5,3,1,1,3,2,4,4,2,2,2,2.5,0,3
657,2,1,5,1,5.5,1,1,7,1,1,0,4,2,3,4,3,2,1,5,0,3
658,2,2,2,1,6,1,1,3,5,1,0,4,2,3,4,4,2,2,2,0,3
659,2,1,4,1,7.5,1,1,4,4,1,0,6,2,2,6,5,2,1,4,0,3
660,2,2,5,1,9,1,1,,,0,0,5,3,1,6,5,2,2,5,0,3
1,1,,0,1,,,1,,,,0,1,1,1,1,1,1,0,0,0,1
2,1,,0,1,,,1,,,,1,2,2,3,4,2,1,0,0,0,1
3,1,,0,1,,,1,,,,0,5,1,1,3,4,1,0,0,0,1
4,1,,0,1,,,1,,,,0,2,1,1,3,5,1,0,0,0,1
5,1,,0,1,,,1,,,,0,1,1,1,4,2,1,0,0,0,1
6,1,,0,1,,,1,,,,0,4,2,4,6,6,1,0,0,0,1
7,1,,.5,1,,,1,,,,0,3,1,1,3,3,1,0,.5,0,1
8,1,,.5,1,,,1,,,,0,4,2,3,5,4,1,0,.5,0,1
9,1,,.5,1,,,1,,,,1,3,2,3,5,5,1,0,.5,0,1
10,1,,.5,1,,,1,,,,0,1,3,3,5,6,1,0,.5,0,1
11,1,,.5,1,,,1,,,,1,2,3,1,2,2,1,0,.5,0,1
12,1,,.5,1,,,1,,,,0,5,2,1,4,4,1,0,.5,0,1
13,1,,.5,1,,,1,,,,1,1,1,4,5,4,1,0,.5,0,1
14,1,,.5,1,,,1,,,,0,2,3,5,5,5,1,0,.5,0,1
15,1,,.5,1,,,1,,,,0,6,2,3,4,3,1,0,.5,0,1
16,1,,1,1,,,1,,,,0,3,2,3,3,3,1,0,1,0,1
17,1,,1,0,,,0,,,,0,4,2,1,2,2,1,0,1,0,1
18,1,,1,1,,,1,,,,0,4,2,3,4,4,1,0,1,0,1
19,1,,1,1,,,1,,,,0,3,2,3,4,4,1,0,1,0,1
20,1,,1,1,,,1,,,,1,3,1,3,4,4,1,0,1,0,1
21,1,,1,1,,,1,,,,0,6,1,2,3,2,1,0,1,0,1
22,1,,1,1,,,1,,,,0,4,2,3,6,4,1,0,1,0,1
23,1,,1,1,,,1,,,,0,3,2,3,6,5,1,0,1,0,1
24,1,,1,1,,,1,,,,0,2,2,5,6,5,1,0,1,0,1
25,1,,1,1,,,1,,,,1,2,2,4,6,5,1,0,1,0,1
26,1,,1,1,,,1,,,,1,6,1,1,3,2,1,0,1,0,1
27,1,,1,1,,,1,,,,0,4,2,3,4,3,1,0,1,0,1
28,1,,1,1,,,1,,,,0,3,2,3,4,3,1,0,1,0,1
29,1,,1.5,1,,,1,,,,1,5,3,1,3,1,1,0,1.5,0,1
30,1,,1.5,1,,,1,,,,0,4,2,3,4,3,1,0,1.5,0,1
31,1,,1.5,1,,,1,,,,0,6,2,4,5,5,1,0,1.5,0,1
32,1,,1.5,1,,,1,,,,1,3,1,1,3,1,1,0,1.5,0,1
33,1,,1.5,1,,,1,,,,0,3,1,1,4,5,1,0,1.5,0,1
34,1,,1.5,0,,,0,,,,1,2,1,3,5,4,1,0,1.5,0,1
35,1,,1.5,1,,,1,,,,0,4,2,3,5,4,1,0,1.5,0,1
36,1,,1.5,1,,,1,,,,0,4,2,3,5,4,1,0,1.5,0,1
37,1,,1.5,1,,,1,,,,0,6,2,1,5,3,1,0,1.5,0,1
38,1,,1.5,0,,,0,,,,0,5,2,2,4,5,1,0,1.5,0,1
39,1,,1.5,1,,,1,,,,1,5,1,4,6,3,1,0,1.5,0,1
40,1,,1.5,1,,,1,,,,0,4,2,3,3,3,1,0,1.5,0,1
41,1,,1.5,1,,,1,,,,1,4,1,3,4,3,1,0,1.5,0,1
42,1,,1.5,1,,,1,,,,0,5,1,3,4,2,1,0,1.5,0,1
43,1,,1.5,1,,,1,,,,0,5,2,4,3,1,1,0,1.5,0,1
44,1,,1.5,1,,,1,,,,1,3,1,3,4,4,1,0,1.5,0,1
45,1,,1.5,1,,,1,,,,1,3,2,5,4,3,1,0,1.5,0,1
46,1,,1.5,1,,,1,,,,0,4,1,3,4,4,1,0,1.5,0,1
47,1,,2,1,,,1,,,,0,4,2,4,4,4,1,0,2,0,1
48,1,,2,1,,,1,,,,0,2,2,3,5,5,1,0,2,0,1
49,1,,2,1,,,1,,,,1,3,1,3,5,5,1,0,2,0,1
50,1,,2,1,,,1,,,,0,4,1,3,5,5,1,0,2,0,1
51,1,,2,1,,,1,,,,0,3,1,3,4,2,1,0,2,0,1
52,1,,2,1,,,1,,,,0,3,1,1,1,2,1,0,2,0,1
53,1,,2,0,,,0,,,,0,4,2,3,5,4,1,0,2,0,1
54,1,,2,1,,,1,,,,0,3,2,3,4,3,1,0,2,0,1
55,1,,2,1,,,1,,,,0,2,2,3,3,3,1,0,2,0,1
56,1,,2,1,,,1,,,,1,3,1,3,4,3,1,0,2,0,1
57,1,,2,1,,,1,,,,0,3,1,3,5,5,1,0,2,0,1
58,1,,2,1,,,1,,,,1,2,1,3,2,2,1,0,2,0,1
59,1,,2,1,,,1,,,,0,4,1,2,5,3,1,0,2,0,1
60,1,,2,1,,,1,,,,0,3,2,5,3,3,1,0,2,0,1
61,1,,2,1,,,1,,,,1,4,2,4,4,4,1,0,2,0,1
62,1,,2,1,,,1,,,,0,3,3,5,6,5,1,0,2,0,1
63,1,,2,1,,,1,,,,1,6,3,4,3,5,1,0,2,0,1
64,1,,2,1,,,1,,,,0,2,2,3,5,4,1,0,2,0,1
65,1,,2,1,,,1,,,,1,2,1,3,2,2,1,0,2,0,1
66,1,,2,1,,,1,,,,0,2,2,4,4,4,1,0,2,0,1
67,1,,2,1,,,1,,,,0,4,2,3,3,5,1,0,2,0,1
68,1,,2,1,,,1,,,,1,5,2,4,5,5,1,0,2,0,1
69,1,,2,1,,,1,,,,1,1,1,3,3,5,1,0,2,0,1
70,1,,2,0,,,0,,,,0,3,2,4,4,5,1,0,2,0,1
71,1,,2,1,,,1,,,,0,5,1,5,3,2,1,0,2,0,1
72,1,,2.5,1,,,1,,,,0,3,1,3,3,3,1,0,2.5,0,1
73,1,,2.5,1,,,1,,,,0,3,1,4,4,3,1,0,2.5,0,1
74,1,,2.5,1,,,1,,,,0,3,2,2,3,3,1,0,2.5,0,1
75,1,,2.5,1,,,1,,,,0,4,2,4,2,2,1,0,2.5,0,1
76,1,,2.5,1,,,1,,,,0,6,2,4,5,3,1,0,2.5,0,1
77,1,,2.5,1,,,1,,,,0,1,2,4,3,1,1,0,2.5,0,1
78,1,,2.5,1,,,1,,,,0,3,2,1,6,5,1,0,2.5,0,1
79,1,,2.5,1,,,1,,,,1,2,2,3,3,2,1,0,2.5,0,1
80,1,,2.5,1,,,1,,,,0,3,2,4,5,4,1,0,2.5,0,1
81,1,,2.5,1,,,1,,,,0,3,1,3,4,3,1,0,2.5,0,1
82,1,,2.5,0,,,0,,,,0,2,2,3,3,3,1,0,2.5,0,1
83,1,,2.5,1,,,1,,,,1,1,1,4,5,5,1,0,2.5,0,1
84,1,,2.5,1,,,1,,,,0,6,2,1,1,2,1,0,2.5,0,1
85,1,,2.5,1,,,1,,,,0,4,2,4,4,5,1,0,2.5,0,1
86,1,,2.5,0,,,0,,,,1,2,2,2,2,3,1,0,2.5,0,1
87,1,,2.5,1,,,1,,,,0,4,1,3,5,4,1,0,2.5,0,1
88,1,,2.5,1,,,1,,,,1,2,1,1,4,5,1,0,2.5,0,1
89,1,,2.5,1,,,1,,,,0,3,1,2,5,3,1,0,2.5,0,1
90,1,,2.5,1,,,1,,,,1,3,1,1,2,3,1,0,2.5,0,1
91,1,,2.5,1,,,1,,,,0,4,1,4,4,4,1,0,2.5,0,1
92,1,,2.5,0,,,0,,,,0,4,1,4,4,4,1,0,2.5,0,1
93,1,,3,1,,,1,,,,0,5,2,4,4,5,1,0,3,0,1
94,1,,3,1,,,1,,,,1,4,2,2,3,4,1,0,3,0,1
95,1,,3,1,,,1,,,,0,4,1,1,4,5,1,0,3,0,1
96,1,,3,1,,,1,,,,0,3,2,2,3,3,1,0,3,0,1
97,1,,3,0,,,0,,,,1,5,1,1,2,4,1,0,3,0,1
98,1,,3,1,,,1,,,,0,4,2,5,4,4,1,0,3,0,1
99,1,,3,1,,,1,,,,0,4,1,4,6,6,1,0,3,0,1
100,1,,3,1,,,1,,,,1,3,1,3,3,3,1,0,3,0,1
101,1,,3,1,,,1,,,,0,5,2,3,3,5,1,0,3,0,1
102,1,,3,0,,,0,,,,0,3,1,3,3,5,1,0,3,0,1
103,1,,3,1,,,1,,,,1,5,1,4,2,2,1,0,3,0,1
104,1,,3,1,,,1,,,,0,2,1,3,4,5,1,0,3,0,1
105,1,,3,1,,,1,,,,0,2,1,3,3,3,1,0,3,0,1
106,1,,3,1,,,1,,,,0,5,2,3,5,5,1,0,3,0,1
107,1,,3,1,,,1,,,,0,4,1,2,4,3,1,0,3,0,1
108,1,,3,1,,,1,,,,0,5,2,4,4,3,1,0,3,0,1
109,1,,3.5,1,,,1,,,,0,5,2,1,6,5,1,0,3.5,0,1
110,1,,3.5,1,,,1,,,,0,3,1,3,3,2,1,0,3.5,0,1
111,1,,3.5,1,,,1,,,,1,5,2,3,2,2,1,0,3.5,0,1
112,1,,3.5,1,,,1,,,,0,2,2,3,4,3,1,0,3.5,0,1
113,1,,3.5,1,,,1,,,,0,3,1,1,3,2,1,0,3.5,0,1
114,1,,3.5,1,,,1,,,,1,2,2,3,4,3,1,0,3.5,0,1
115,1,,3.5,1,,,1,,,,0,4,1,1,4,2,1,0,3.5,0,1
116,1,,3.5,1,,,1,,,,0,5,1,3,5,5,1,0,3.5,0,1
117,1,,3.5,0,,,0,,,,1,4,2,1,6,5,1,0,3.5,0,1
118,1,,3.5,1,,,1,,,,0,4,3,5,4,4,1,0,3.5,0,1
119,1,,3.5,0,,,0,,,,1,3,2,4,4,3,1,0,3.5,0,1
120,1,,4,1,,,1,,,,0,2,3,3,5,5,1,0,4,0,1
121,1,,4,1,,,1,,,,0,3,2,4,4,5,1,0,4,0,1
122,1,,4,1,,,1,,,,1,5,1,1,4,4,1,0,4,0,1
123,1,,4,1,,,1,,,,0,2,1,3,3,2,1,0,4,0,1
124,1,,4,1,,,1,,,,1,1,1,3,1,1,1,0,4,0,1
125,1,,4,1,,,1,,,,0,5,2,4,4,4,1,0,4,0,1
126,1,,4,0,,,0,,,,0,1,2,5,5,4,1,0,4,0,1
127,1,,4,1,,,1,,,,0,2,2,4,6,4,1,0,4,0,1
128,1,,4,1,,,1,,,,0,3,2,3,2,2,1,0,4,0,1
129,1,,4,1,,,1,,,,0,5,2,3,3,2,1,0,4,0,1
130,1,,4,0,,,0,,,,1,2,2,4,5,4,1,0,4,0,1
131,1,,4.5,1,,,1,,,,0,3,1,3,4,4,1,0,4.5,0,1
132,1,,4.5,1,,,1,,,,0,4,1,3,2,3,1,0,4.5,0,1
133,1,,4.5,0,,,0,,,,0,4,1,3,4,3,1,0,4.5,0,1
134,1,,5,1,,,1,,,,1,4,2,4,4,3,1,0,5,0,1
135,1,,5,1,,,1,,,,1,3,2,2,4,6,1,0,5,0,1
136,1,,5,0,,,0,,,,0,5,2,3,3,3,1,0,5,0,1
137,1,,5,1,,,1,,,,0,3,2,4,3,4,1,0,5,0,1
138,1,,5.5,1,,,1,,,,0,2,1,3,3,4,1,0,5.5,0,1
139,1,,5.5,1,,,1,,,,1,5,2,1,5,4,1,0,5.5,0,1
140,1,,5.5,0,,,0,,,,1,4,2,2,3,3,1,0,5.5,0,1
141,1,,6,1,,,1,,,,0,2,2,3,3,4,1,0,6,0,1
142,1,,6,1,,,1,,,,0,4,2,5,3,3,1,0,6,0,1
143,1,,6.5,1,,,1,,,,0,3,1,3,4,4,1,0,6.5,0,1
144,1,,7,1,,,1,,,,0,3,1,3,3,3,1,0,7,0,1
145,1,,7,1,,,1,,,,0,3,1,3,3,3,1,0,7,0,1
146,1,,7.5,1,,,1,,,,0,2,2,1,3,3,1,0,7.5,0,1
147,1,,8,1,,,1,,,,1,2,2,1,3,3,1,0,8,0,1
148,1,,8,1,,,1,,,,0,4,2,2,6,5,1,0,8,0,1
149,1,,9,1,,,1,,,,0,5,1,3,3,3,1,0,9,0,1
150,1,,10,1,,,1,,,,1,3,1,1,3,3,1,0,10,0,1
151,1,,,,.5,1,1,,,,0,4,1,3,3,3,2,0,8,1,4
152,1,,,,1,1,1,,,,0,4,1,3,4,3,2,0,.5,1,4
153,1,,,,1,1,1,,,,1,5,2,2,2,3,2,0,7.5,1,4
154,1,,,,1,1,1,,,,1,4,1,3,4,3,2,0,8.5,1,4
155,1,,,,1.5,0,0,,,,0,1,1,3,1,2,2,0,6,1,4
156,1,,,,2,1,1,,,,0,3,2,4,4,4,2,0,5.5,1,4
157,1,,,,2,1,1,,,,0,4,2,3,3,2,2,0,6.5,1,4
158,1,,,,2,1,1,,,,1,4,2,4,2,2,2,0,8,1,4
159,1,,,,2,1,1,,,,0,5,1,3,1,2,2,0,7,1,4
160,1,,,,2,1,1,,,,0,3,2,3,3,4,2,0,6.5,1,4
161,1,,,,2.5,1,1,,,,0,3,3,3,6,4,2,0,6.5,1,4
162,1,,,,2.5,1,1,,,,0,5,3,3,3,5,2,0,6,1,4
163,1,,,,2.5,1,1,,,,0,5,3,3,4,4,2,0,5.5,1,4
164,1,,,,3,1,1,,,,1,4,1,3,5,5,2,0,5.5,1,4
165,1,,,,3,1,1,,,,0,3,3,1,3,4,2,0,9.5,1,4
166,1,,,,3,0,0,,,,0,2,1,3,2,5,2,0,2,1,4
167,1,,,,3,1,1,,,,0,5,3,4,3,3,2,0,7,1,4
168,1,,,,3.5,1,1,,,,0,4,2,4,3,2,2,0,6,1,4
169,1,,,,3.5,1,1,,,,1,5,2,5,4,3,2,0,7.5,1,4
170,1,,,,3.5,1,1,,,,1,2,3,4,5,2,2,0,7.5,1,4
171,1,,,,3.5,1,1,,,,0,5,1,3,3,3,2,0,,1,4
172,1,,,,4,1,1,,,,1,3,2,2,4,2,2,0,8.5,1,4
173,1,,,,4,1,1,,,,0,4,2,3,4,2,2,0,9,1,4
174,1,,,,4,1,1,,,,0,4,2,3,5,3,2,0,3,1,4
175,1,,,,4,1,1,,,,1,4,1,1,3,4,2,0,7,1,4
176,1,,,,4,1,1,,,,0,4,3,5,3,4,2,0,8.5,1,4
177,1,,,,4,0,0,,,,0,3,3,4,6,4,2,0,8,1,4
178,1,,,,4.5,1,1,,,,0,5,2,1,2,2,2,0,7,1,4
179,1,,,,4.5,1,1,,,,0,3,2,2,6,3,2,0,6.5,1,4
180,1,,,,4.5,1,1,,,,1,5,2,1,6,5,2,0,6.5,1,4
181,1,,,,4.5,1,1,,,,0,2,3,4,2,6,2,0,,1,4
182,1,,,,4.5,1,1,,,,0,3,3,3,4,5,2,0,6,1,4
183,1,,,,4.5,1,1,,,,0,5,2,4,3,3,2,0,7,1,4
184,1,,,,4.5,1,1,,,,1,2,3,5,4,4,2,0,6,1,4
185,1,,,,5,1,1,,,,0,3,2,3,4,3,2,0,.5,1,4
186,1,,,,5,0,0,,,,0,2,2,3,3,3,2,0,6,1,4
187,1,,,,5,1,1,,,,0,4,1,4,5,3,2,0,7,1,4
188,1,,,,5,0,0,,,,0,6,3,3,4,4,2,0,8.5,1,4
189,1,,,,5,1,1,,,,0,4,2,2,3,3,2,0,8.5,1,4
190,1,,,,5,1,1,,,,0,5,2,2,3,4,2,0,5.5,1,4
191,1,,,,5,1,1,,,,0,5,2,3,2,1,2,0,7,1,4
192,1,,,,5,1,1,,,,0,4,3,1,4,3,2,0,2.5,1,4
193,1,,,,5,1,1,,,,0,1,1,3,3,1,2,0,2,1,4
194,1,,,,5,1,1,,,,0,2,1,4,4,1,2,0,,1,4
195,1,,,,5,0,0,,,,1,2,2,3,3,3,2,0,2.5,1,4
196,1,,,,5,1,1,,,,0,2,3,4,2,3,2,0,8,1,4
197,1,,,,5,1,1,,,,0,2,3,4,2,4,2,0,6.5,1,4
198,1,,,,5.5,1,1,,,,0,5,1,5,5,3,2,0,5.5,1,4
199,1,,,,5.5,1,1,,,,0,3,1,4,4,3,2,0,6.5,1,4
200,1,,,,5.5,1,1,,,,0,3,1,3,4,4,2,0,,1,4
201,1,,,,5.5,0,0,,,,0,2,1,3,3,3,2,0,5,1,4
202,1,,,,5.5,1,1,,,,1,3,1,2,3,3,2,0,6.5,1,4
203,1,,,,5.5,1,1,,,,0,4,2,1,2,3,2,0,5,1,4
204,1,,,,5.5,1,1,,,,1,4,1,3,3,2,2,0,5,1,4
205,1,,,,5.5,1,1,,,,1,2,2,4,1,1,2,0,5,1,4
206,1,,,,5.5,1,1,,,,0,5,3,5,5,3,2,0,5,1,4
207,1,,,,5.5,1,1,,,,0,4,2,4,6,6,2,0,7.5,1,4
208,1,,,,6,1,1,,,,1,3,2,3,3,5,2,0,7,1,4
209,1,,,,6,1,1,,,,0,3,2,3,2,3,2,0,8.5,1,4
210,1,,,,6,1,1,,,,0,5,2,4,3,5,2,0,7.5,1,4
211,1,,,,6,0,0,,,,0,2,2,3,4,5,2,0,7,1,4
212,1,,,,6,1,1,,,,1,5,3,4,3,4,2,0,7.5,1,4
213,1,,,,6,1,1,,,,1,5,1,1,2,3,2,0,5.5,1,4
214,1,,,,6,1,1,,,,0,3,2,1,4,3,2,0,7,1,4
215,1,,,,6,1,1,,,,1,4,2,3,4,4,2,0,4.5,1,4
216,1,,,,6,1,1,,,,0,4,2,2,5,3,2,0,5.5,1,4
217,1,,,,6,1,1,,,,1,1,3,5,3,1,2,0,7,1,4
218,1,,,,6,1,1,,,,0,2,1,4,2,1,2,0,8,1,4
219,1,,,,6,1,1,,,,1,4,2,3,4,5,2,0,6,1,4
220,1,,,,6,1,1,,,,1,1,2,3,4,4,2,0,5.5,1,4
221,1,,,,6,1,1,,,,0,3,2,3,3,3,2,0,6,1,4
222,1,,,,6,1,1,,,,0,4,3,4,3,4,2,0,5,1,4
223,1,,,,6,1,1,,,,0,3,3,3,4,3,2,0,5,1,4
224,1,,,,6,1,1,,,,0,6,2,3,4,3,2,0,5.5,1,4
225,1,,,,6,1,1,,,,0,3,2,3,4,4,2,0,5,1,4
226,1,,,,6,1,1,,,,0,3,2,5,2,3,2,0,5,1,4
227,1,,,,6,1,1,,,,0,4,2,3,4,3,2,0,6.5,1,4
228,1,,,,6,1,1,,,,0,5,2,1,4,3,2,0,9,1,4
229,1,,,,6,1,1,,,,1,4,3,4,4,4,2,0,8.5,1,4
230,1,,,,6,1,1,,,,0,6,2,3,2,3,2,0,1,1,4
231,1,,,,6.5,1,1,,,,0,4,2,3,4,2,2,0,7.5,1,4
232,1,,,,6.5,1,1,,,,0,6,2,1,3,3,2,0,1,1,4
233,1,,,,6.5,1,1,,,,1,4,2,3,3,3,2,0,6,1,4
234,1,,,,6.5,1,1,,,,0,6,2,2,2,5,2,0,7,1,4
235,1,,,,6.5,1,1,,,,0,2,2,5,3,3,2,0,6,1,4
236,1,,,,6.5,1,1,,,,0,3,2,4,2,2,2,0,8.5,1,4
237,1,,,,6.5,1,1,,,,0,4,2,3,3,3,2,0,6,1,4
238,1,,,,6.5,1,1,,,,0,5,2,4,3,2,2,0,8,1,4
239,1,,,,6.5,0,0,,,,1,4,1,3,2,3,2,0,7,1,4
240,1,,,,6.5,1,1,,,,0,3,2,4,4,3,2,0,7,1,4
241,1,,,,6.5,1,1,,,,1,5,2,1,1,6,2,0,8.5,1,4
242,1,,,,6.5,1,1,,,,0,1,2,3,3,4,2,0,6,1,4
243,1,,,,6.5,1,1,,,,1,6,1,1,1,6,2,0,5,1,4
244,1,,,,6.5,1,1,,,,0,4,1,1,2,4,2,0,7.5,1,4
245,1,,,,6.5,1,1,,,,0,3,3,4,2,4,2,0,5.5,1,4
246,1,,,,6.5,1,1,,,,0,3,2,4,4,3,2,0,6,1,4
247,1,,,,6.5,1,1,,,,0,6,3,3,5,3,2,0,5.5,1,4
248,1,,,,6.5,1,1,,,,0,4,3,5,4,3,2,0,5.5,1,4
249,1,,,,7,1,1,,,,0,5,1,4,6,3,2,0,5.5,1,4
250,1,,,,7,1,1,,,,0,5,2,4,6,3,2,0,4,1,4
251,1,,,,7,1,1,,,,0,4,1,1,4,2,2,0,8,1,4
252,1,,,,7,1,1,,,,0,3,2,3,3,3,2,0,6.5,1,4
253,1,,,,7,1,1,,,,0,4,1,4,5,4,2,0,4,1,4
254,1,,,,7,1,1,,,,1,3,1,3,4,3,2,0,4,1,4
255,1,,,,7,1,1,,,,0,3,3,5,6,4,2,0,,1,4
256,1,,,,7,0,0,,,,0,3,2,5,2,3,2,0,4,1,4
257,1,,,,7,1,1,,,,0,1,1,3,2,2,2,0,8,1,4
258,1,,,,7,1,1,,,,0,1,1,3,5,1,2,0,3.5,1,4
259,1,,,,7,1,1,,,,0,2,1,1,3,1,2,0,6.5,1,4
260,1,,,,7,1,1,,,,1,3,2,4,6,3,2,0,6.5,1,4
261,1,,,,7,1,1,,,,0,2,2,5,4,4,2,0,2,1,4
262,1,,,,7.5,0,0,,,,0,3,2,3,4,3,2,0,6.5,1,4
263,1,,,,7.5,1,1,,,,0,5,1,1,2,5,2,0,4,1,4
264,1,,,,7.5,1,1,,,,0,3,1,2,2,3,2,0,6.5,1,4
265,1,,,,7.5,1,1,,,,0,3,1,1,3,3,2,0,6,1,4
266,1,,,,7.5,1,1,,,,0,4,1,1,6,5,2,0,6.5,1,4
267,1,,,,7.5,1,1,,,,1,4,2,5,5,3,2,0,9.5,1,4
268,1,,,,7.5,1,1,,,,1,3,2,4,6,4,2,0,6,1,4
269,1,,,,7.5,1,1,,,,0,3,2,5,5,3,2,0,4.5,1,4
270,1,,,,7.5,1,1,,,,0,2,2,5,5,2,2,0,3,1,4
271,1,,,,7.5,1,1,,,,1,3,2,2,6,6,2,0,6.5,1,4
272,1,,,,8,1,1,,,,0,6,3,1,1,5,2,0,6.5,1,4
273,1,,,,8,1,1,,,,1,5,3,3,4,5,2,0,3,1,4
274,1,,,,8,1,1,,,,0,3,1,4,5,4,2,0,4.5,1,4
275,1,,,,8,1,1,,,,1,4,2,5,5,6,2,0,3,1,4
276,1,,,,8,1,1,,,,0,1,1,3,5,3,2,0,5,1,4
277,1,,,,8,1,1,,,,1,4,2,3,5,3,2,0,3,1,4
278,1,,,,8,1,1,,,,0,5,1,1,3,2,2,0,6,1,4
279,1,,,,8,1,1,,,,0,6,1,2,2,5,2,0,6,1,4
280,1,,,,8.5,1,1,,,,0,5,2,3,3,3,2,0,6.5,1,4
281,1,,,,8.5,1,1,,,,0,3,2,4,4,4,2,0,7,1,4
282,1,,,,8.5,1,1,,,,0,3,3,5,5,4,2,0,8,1,4
283,1,,,,8.5,1,1,,,,0,5,2,5,5,2,2,0,3,1,4
284,1,,,,8.5,0,0,,,,0,2,2,4,5,3,2,0,7.5,1,4
285,1,,,,8.5,1,1,,,,0,6,2,3,4,3,2,0,7.5,1,4
286,1,,,,8.5,1,1,,,,0,3,2,3,4,3,2,0,5.5,1,4
287,1,,,,9,0,0,,,,1,6,2,1,2,2,2,0,7,1,4
288,1,,,,9,1,1,,,,0,3,3,5,5,3,2,0,2,1,4
289,1,,,,9,1,1,,,,0,3,2,1,2,3,2,0,5.5,1,4
290,1,,,,9,1,1,,,,0,4,2,3,4,3,2,0,7,1,4
291,1,,,,9,1,1,,,,0,2,2,3,3,3,2,0,2,1,4
292,1,,,,9,1,1,,,,0,2,2,4,5,6,2,0,6.5,1,4
293,1,,,,9.5,1,1,,,,0,3,2,2,3,3,2,0,5.5,1,4
294,1,,,,9.5,1,1,,,,0,3,2,3,4,1,2,0,6.5,1,4
295,1,,,,9.5,1,1,,,,1,4,2,4,5,3,2,0,6,1,4
296,1,,,,10,1,1,,,,0,5,3,4,6,4,2,0,6,1,4
297,1,,,,10,1,1,,,,1,5,2,3,6,3,2,0,5.5,1,4
298,1,,,,10,1,1,,,,0,3,1,3,3,3,2,0,2.5,1,4
299,1,,,,10,1,1,,,,0,3,2,3,5,6,2,0,6,1,4
300,1,,,,10,1,1,,,,0,6,2,3,3,4,2,0,6,1,4
,,,,,,,,,,,,,,,,,2,0,3,1,4
,,,,,,,,,,,,,,,,,2,0,3,1,4
,,,,,,,,,,,,,,,,,2,0,9,1,4
,,,,,,,,,,,,,,,,,2,0,3,1,4
,,,,,,,,,,,,,,,,,2,0,8,1,4
,,,,,,,,,,,,,,,,,2,0,10,1,4
,,,,,,,,,,,,,,,,,2,0,2.5,1,4
,,,,,,,,,,,,,,,,,2,0,3,1,4
,,,,,,,,,,,,,,,,,2,0,8,1,4
,,,,,,,,,,,,,,,,,2,0,6,1,4
,,,,,,,,,,,,,,,,,2,0,3,1,4
,,,,,,,,,,,,,,,,,2,0,8,1,4
,,,,,,,,,,,,,,,,,2,0,5,1,4
,,,,,,,,,,,,,,,,,2,0,6.5,1,4
,,,,,,,,,,,,,,,,,2,0,8,1,4
,,,,,,,,,,,,,,,,,2,0,7,1,4
,,,,,,,,,,,,,,,,,2,0,5,1,4
,,,,,,,,,,,,,,,,,2,0,8.5,1,4
,,,,,,,,,,,,,,,,,2,0,2.5,1,4
,,,,,,,,,,,,,,,,,2,0,5,1,4
,,,,,,,,,,,,,,,,,2,0,1.5,1,4
,,,,,,,,,,,,,,,,,2,0,2.5,1,4
,,,,,,,,,,,,,,,,,2,0,5,1,4
,,,,,,,,,,,,,,,,,2,0,5,1,4
,,,,,,,,,,,,,,,,,2,0,8.5,1,4
,,,,,,,,,,,,,,,,,2,0,3,1,4
,,,,,,,,,,,,,,,,,2,0,6,1,4
,,,,,,,,,,,,,,,,,2,0,5,1,4
,,,,,,,,,,,,,,,,,2,0,5,1,4
,,,,,,,,,,,,,,,,,2,0,5.5,1,4
,,,,,,,,,,,,,,,,,2,0,6,1,4
,,,,,,,,,,,,,,,,,2,0,5.5,1,4
,,,,,,,,,,,,,,,,,2,0,5.5,1,4
,,,,,,,,,,,,,,,,,2,0,6,1,4
,,,,,,,,,,,,,,,,,2,0,3,1,4
,,,,,,,,,,,,,,,,,2,0,2.5,1,4
,,,,,,,,,,,,,,,,,2,0,3,1,4
,,,,,,,,,,,,,,,,,2,0,7.5,1,4
,,,,,,,,,,,,,,,,,2,0,,1,4
,,,,,,,,,,,,,,,,,2,0,5,1,4
,,,,,,,,,,,,,,,,,2,0,.5,1,4
,,,,,,,,,,,,,,,,,2,0,7.5,1,4
,,,,,,,,,,,,,,,,,2,0,7.5,1,4
,,,,,,,,,,,,,,,,,2,0,8.5,1,4
,,,,,,,,,,,,,,,,,2,0,7,1,4
,,,,,,,,,,,,,,,,,2,0,3,1,4
,,,,,,,,,,,,,,,,,2,0,7,1,4
,,,,,,,,,,,,,,,,,2,0,5.5,1,4
,,,,,,,,,,,,,,,,,2,0,5,1,4
,,,,,,,,,,,,,,,,,2,0,5,1,4
,,,,,,,,,,,,,,,,,2,0,6.5,1,4
,,,,,,,,,,,,,,,,,2,0,7,1,4
,,,,,,,,,,,,,,,,,2,0,5,1,4
,,,,,,,,,,,,,,,,,2,0,6.5,1,4
,,,,,,,,,,,,,,,,,2,0,8.5,1,4
,,,,,,,,,,,,,,,,,2,0,5,1,4
,,,,,,,,,,,,,,,,,2,0,5,1,4
,,,,,,,,,,,,,,,,,2,0,9.5,1,4
,,,,,,,,,,,,,,,,,2,0,7.5,1,4
,,,,,,,,,,,,,,,,,2,0,7,1,4
,,,,,,,,,,,,,,,,,2,0,7,1,4
,,,,,,,,,,,,,,,,,2,0,5,1,4
,,,,,,,,,,,,,,,,,2,0,4.5,1,4
,,,,,,,,,,,,,,,,,2,0,5,1,4
,,,,,,,,,,,,,,,,,2,0,2.5,1,4
,,,,,,,,,,,,,,,,,2,0,4.5,1,4
,,,,,,,,,,,,,,,,,2,0,8.5,1,4
,,,,,,,,,,,,,,,,,2,0,1,1,4
,,,,,,,,,,,,,,,,,2,0,7,1,4
,,,,,,,,,,,,,,,,,2,0,4.5,1,4
,,,,,,,,,,,,,,,,,2,0,4.5,1,4
,,,,,,,,,,,,,,,,,2,0,10,1,4
,,,,,,,,,,,,,,,,,2,0,6,1,4
,,,,,,,,,,,,,,,,,2,0,6,1,4
,,,,,,,,,,,,,,,,,2,0,10,1,4
,,,,,,,,,,,,,,,,,2,0,1,1,4
,,,,,,,,,,,,,,,,,2,0,3.5,1,4
,,,,,,,,,,,,,,,,,2,0,4,1,4
,,,,,,,,,,,,,,,,,2,0,7,1,4
,,,,,,,,,,,,,,,,,2,0,3.5,1,4
,,,,,,,,,,,,,,,,,2,0,5,1,4
,,,,,,,,,,,,,,,,,2,0,4.5,1,4
,,,,,,,,,,,,,,,,,2,0,4.5,1,4
,,,,,,,,,,,,,,,,,2,0,10,1,4
,,,,,,,,,,,,,,,,,2,0,1,1,4
,,,,,,,,,,,,,,,,,2,0,1,1,4
,,,,,,,,,,,,,,,,,2,0,,1,4
,,,,,,,,,,,,,,,,,2,0,6,1,4
,,,,,,,,,,,,,,,,,2,0,6,1,4
,,,,,,,,,,,,,,,,,2,0,6,1,4
,,,,,,,,,,,,,,,,,2,0,6,1,4
,,,,,,,,,,,,,,,,,2,0,.5,1,4
,,,,,,,,,,,,,,,,,2,0,9.5,1,4
,,,,,,,,,,,,,,,,,2,0,6.5,1,4
,,,,,,,,,,,,,,,,,2,0,6.5,1,4
,,,,,,,,,,,,,,,,,2,0,3.5,1,4
,,,,,,,,,,,,,,,,,2,0,10,1,4
,,,,,,,,,,,,,,,,,2,0,6.5,1,4
,,,,,,,,,,,,,,,,,2,0,4.5,1,4
,,,,,,,,,,,,,,,,,2,0,6.5,1,4
,,,,,,,,,,,,,,,,,2,0,10,1,4
,,,,,,,,,,,,,,,,,2,0,6.5,1,4
,,,,,,,,,,,,,,,,,2,0,6.5,1,4
,,,,,,,,,,,,,,,,,2,0,,1,4
,,,,,,,,,,,,,,,,,2,0,6,1,4
,,,,,,,,,,,,,,,,,2,0,7.5,1,4
,,,,,,,,,,,,,,,,,2,0,.5,1,4
,,,,,,,,,,,,,,,,,2,0,0,1,4
,,,,,,,,,,,,,,,,,2,0,1.5,1,4
,,,,,,,,,,,,,,,,,2,0,7,1,4
,,,,,,,,,,,,,,,,,2,0,6,1,4
,,,,,,,,,,,,,,,,,2,0,6,1,4
,,,,,,,,,,,,,,,,,2,0,10,1,4
,,,,,,,,,,,,,,,,,2,0,4.5,1,4
,,,,,,,,,,,,,,,,,2,0,6,1,4
,,,,,,,,,,,,,,,,,2,0,5.5,1,4
,,,,,,,,,,,,,,,,,2,0,4,1,4
,,,,,,,,,,,,,,,,,2,0,5.5,1,4
,,,,,,,,,,,,,,,,,2,0,6.5,1,4
,,,,,,,,,,,,,,,,,2,0,1.5,1,4
,,,,,,,,,,,,,,,,,2,0,10,1,4
,,,,,,,,,,,,,,,,,2,0,7,1,4
,,,,,,,,,,,,,,,,,2,0,6.5,1,4
,,,,,,,,,,,,,,,,,2,0,8,1,4
,,,,,,,,,,,,,,,,,2,0,10,1,4
,,,,,,,,,,,,,,,,,2,0,8,1,4
,,,,,,,,,,,,,,,,,2,0,6,1,4
,,,,,,,,,,,,,,,,,2,0,5.5,1,4
,,,,,,,,,,,,,,,,,2,0,8,1,4
,,,,,,,,,,,,,,,,,2,0,10,1,4
,,,,,,,,,,,,,,,,,2,0,5,1,4
,,,,,,,,,,,,,,,,,2,0,5.5,1,4
,,,,,,,,,,,,,,,,,2,0,2,1,4
,,,,,,,,,,,,,,,,,2,0,5,1,4
,,,,,,,,,,,,,,,,,2,0,6.5,1,4
,,,,,,,,,,,,,,,,,2,0,5,1,4
,,,,,,,,,,,,,,,,,2,0,3.5,1,4
,,,,,,,,,,,,,,,,,2,0,6,1,4
,,,,,,,,,,,,,,,,,2,0,2,1,4
,,,,,,,,,,,,,,,,,2,0,1.5,1,4
,,,,,,,,,,,,,,,,,2,0,7.5,1,4
,,,,,,,,,,,,,,,,,2,0,6.5,1,4
,,,,,,,,,,,,,,,,,2,0,4,1,4
,,,,,,,,,,,,,,,,,2,0,9,1,4
,,,,,,,,,,,,,,,,,2,0,6.5,1,4
,,,,,,,,,,,,,,,,,2,0,7,1,4
,,,,,,,,,,,,,,,,,2,0,5,1,4
,,,,,,,,,,,,,,,,,2,0,4.5,1,4
,,,,,,,,,,,,,,,,,2,0,,1,4
,,,,,,,,,,,,,,,,,2,0,6,1,4
,,,,,,,,,,,,,,,,,2,0,4.5,1,4
,,,,,,,,,,,,,,,,,2,0,6,1,4
,,,,,,,,,,,,,,,,,2,0,9.5,1,4
,,,,,,,,,,,,,,,,,2,0,8,1,4
,,,,,,,,,,,,,,,,,2,0,4,1,4
,,,,,,,,,,,,,,,,,2,0,4,1,4
,,,,,,,,,,,,,,,,,2,0,8.5,1,4
,,,,,,,,,,,,,,,,,2,0,6,1,4
,,,,,,,,,,,,,,,,,2,0,9,1,4
,,,,,,,,,,,,,,,,,2,0,9,1,4
,,,,,,,,,,,,,,,,,2,0,2,1,4
,,,,,,,,,,,,,,,,,2,0,7.5,1,4
,,,,,,,,,,,,,,,,,2,0,9,1,4
,,,,,,,,,,,,,,,,,2,0,7,1,4
,,,,,,,,,,,,,,,,,2,0,6.5,1,4
,,,,,,,,,,,,,,,,,2,0,8,1,4
,,,,,,,,,,,,,,,,,2,0,6,1,4
,,,,,,,,,,,,,,,,,2,0,4,1,4
,,,,,,,,,,,,,,,,,2,0,8,1,4
,,,,,,,,,,,,,,,,,2,0,2,1,4
,,,,,,,,,,,,,,,,,2,0,9,1,4
,,,,,,,,,,,,,,,,,2,0,4.5,1,4
,,,,,,,,,,,,,,,,,2,0,5,1,4
,,,,,,,,,,,,,,,,,2,0,6,1,4
,,,,,,,,,,,,,,,,,2,0,9.5,1,4
,,,,,,,,,,,,,,,,,2,0,4,1,4
,,,,,,,,,,,,,,,,,2,0,4,1,4
,,,,,,,,,,,,,,,,,2,0,3,1,4
,,,,,,,,,,,,,,,,,2,0,4,1,4
,,,,,,,,,,,,,,,,,2,0,6,1,4
,,,,,,,,,,,,,,,,,2,0,9,1,4
,,,,,,,,,,,,,,,,,2,0,4,1,4
,,,,,,,,,,,,,,,,,2,0,3.5,1,4
,,,,,,,,,,,,,,,,,2,0,4.5,1,4
,,,,,,,,,,,,,,,,,2,0,2,1,4
,,,,,,,,,,,,,,,,,2,0,4.5,1,4
,,,,,,,,,,,,,,,,,2,0,6.5,1,4
,,,,,,,,,,,,,,,,,2,0,6,1,4
,,,,,,,,,,,,,,,,,2,0,4.5,1,4
,,,,,,,,,,,,,,,,,2,0,6,1,4
,,,,,,,,,,,,,,,,,2,0,6,1,4
,,,,,,,,,,,,,,,,,2,0,9.5,1,4
,,,,,,,,,,,,,,,,,2,0,4,1,4
,,,,,,,,,,,,,,,,,2,0,6,1,4
,,,,,,,,,,,,,,,,,2,0,5,1,4
,,,,,,,,,,,,,,,,,2,0,4,1,4
,,,,,,,,,,,,,,,,,2,0,9,1,4
,,,,,,,,,,,,,,,,,2,0,6,1,4
,,,,,,,,,,,,,,,,,2,0,9.5,1,4
,,,,,,,,,,,,,,,,,2,0,2,1,4
,,,,,,,,,,,,,,,,,2,0,2,1,4
,,,,,,,,,,,,,,,,,2,0,6,1,4
,,,,,,,,,,,,,,,,,2,0,6,1,4
,,,,,,,,,,,,,,,,,2,0,5,1,4
,,,,,,,,,,,,,,,,,2,0,6.5,1,4
,,,,,,,,,,,,,,,,,2,0,5,1,4
,,,,,,,,,,,,,,,,,2,0,5.5,1,4
,,,,,,,,,,,,,,,,,2,0,6,1,4
,,,,,,,,,,,,,,,,,2,0,7.5,1,4
,,,,,,,,,,,,,,,,,2,0,9,1,4
,,,,,,,,,,,,,,,,,1,0,.5,1,2
,,,,,,,,,,,,,,,,,1,0,1,1,2
,,,,,,,,,,,,,,,,,1,0,1,1,2
,,,,,,,,,,,,,,,,,1,0,1,1,2
,,,,,,,,,,,,,,,,,1,0,1.5,1,2
,,,,,,,,,,,,,,,,,1,0,2,1,2
,,,,,,,,,,,,,,,,,1,0,2,1,2
,,,,,,,,,,,,,,,,,1,0,2,1,2
,,,,,,,,,,,,,,,,,1,0,2,1,2
,,,,,,,,,,,,,,,,,1,0,2,1,2
,,,,,,,,,,,,,,,,,1,0,2.5,1,2
,,,,,,,,,,,,,,,,,1,0,2.5,1,2
,,,,,,,,,,,,,,,,,1,0,2.5,1,2
,,,,,,,,,,,,,,,,,1,0,3,1,2
,,,,,,,,,,,,,,,,,1,0,3,1,2
,,,,,,,,,,,,,,,,,1,0,3,1,2
,,,,,,,,,,,,,,,,,1,0,3,1,2
,,,,,,,,,,,,,,,,,1,0,3.5,1,2
,,,,,,,,,,,,,,,,,1,0,3.5,1,2
,,,,,,,,,,,,,,,,,1,0,3.5,1,2
,,,,,,,,,,,,,,,,,1,0,3.5,1,2
,,,,,,,,,,,,,,,,,1,0,4,1,2
,,,,,,,,,,,,,,,,,1,0,4,1,2
,,,,,,,,,,,,,,,,,1,0,4,1,2
,,,,,,,,,,,,,,,,,1,0,4,1,2
,,,,,,,,,,,,,,,,,1,0,4,1,2
,,,,,,,,,,,,,,,,,1,0,4,1,2
,,,,,,,,,,,,,,,,,1,0,4.5,1,2
,,,,,,,,,,,,,,,,,1,0,4.5,1,2
,,,,,,,,,,,,,,,,,1,0,4.5,1,2
,,,,,,,,,,,,,,,,,1,0,4.5,1,2
,,,,,,,,,,,,,,,,,1,0,4.5,1,2
,,,,,,,,,,,,,,,,,1,0,4.5,1,2
,,,,,,,,,,,,,,,,,1,0,4.5,1,2
,,,,,,,,,,,,,,,,,1,0,5,1,2
,,,,,,,,,,,,,,,,,1,0,5,1,2
,,,,,,,,,,,,,,,,,1,0,5,1,2
,,,,,,,,,,,,,,,,,1,0,5,1,2
,,,,,,,,,,,,,,,,,1,0,5,1,2
,,,,,,,,,,,,,,,,,1,0,5,1,2
,,,,,,,,,,,,,,,,,1,0,5,1,2
,,,,,,,,,,,,,,,,,1,0,5,1,2
,,,,,,,,,,,,,,,,,1,0,5,1,2
,,,,,,,,,,,,,,,,,1,0,5,1,2
,,,,,,,,,,,,,,,,,1,0,5,1,2
,,,,,,,,,,,,,,,,,1,0,5,1,2
,,,,,,,,,,,,,,,,,1,0,5,1,2
,,,,,,,,,,,,,,,,,1,0,5.5,1,2
,,,,,,,,,,,,,,,,,1,0,5.5,1,2
,,,,,,,,,,,,,,,,,1,0,5.5,1,2
,,,,,,,,,,,,,,,,,1,0,5.5,1,2
,,,,,,,,,,,,,,,,,1,0,5.5,1,2
,,,,,,,,,,,,,,,,,1,0,5.5,1,2
,,,,,,,,,,,,,,,,,1,0,5.5,1,2
,,,,,,,,,,,,,,,,,1,0,5.5,1,2
,,,,,,,,,,,,,,,,,1,0,5.5,1,2
,,,,,,,,,,,,,,,,,1,0,5.5,1,2
,,,,,,,,,,,,,,,,,1,0,6,1,2
,,,,,,,,,,,,,,,,,1,0,6,1,2
,,,,,,,,,,,,,,,,,1,0,6,1,2
,,,,,,,,,,,,,,,,,1,0,6,1,2
,,,,,,,,,,,,,,,,,1,0,6,1,2
,,,,,,,,,,,,,,,,,1,0,6,1,2
,,,,,,,,,,,,,,,,,1,0,6,1,2
,,,,,,,,,,,,,,,,,1,0,6,1,2
,,,,,,,,,,,,,,,,,1,0,6,1,2
,,,,,,,,,,,,,,,,,1,0,6,1,2
,,,,,,,,,,,,,,,,,1,0,6,1,2
,,,,,,,,,,,,,,,,,1,0,6,1,2
,,,,,,,,,,,,,,,,,1,0,6,1,2
,,,,,,,,,,,,,,,,,1,0,6,1,2
,,,,,,,,,,,,,,,,,1,0,6,1,2
,,,,,,,,,,,,,,,,,1,0,6,1,2
,,,,,,,,,,,,,,,,,1,0,6,1,2
,,,,,,,,,,,,,,,,,1,0,6,1,2
,,,,,,,,,,,,,,,,,1,0,6,1,2
,,,,,,,,,,,,,,,,,1,0,6,1,2
,,,,,,,,,,,,,,,,,1,0,6,1,2
,,,,,,,,,,,,,,,,,1,0,6,1,2
,,,,,,,,,,,,,,,,,1,0,6,1,2
,,,,,,,,,,,,,,,,,1,0,6.5,1,2
,,,,,,,,,,,,,,,,,1,0,6.5,1,2
,,,,,,,,,,,,,,,,,1,0,6.5,1,2
,,,,,,,,,,,,,,,,,1,0,6.5,1,2
,,,,,,,,,,,,,,,,,1,0,6.5,1,2
,,,,,,,,,,,,,,,,,1,0,6.5,1,2
,,,,,,,,,,,,,,,,,1,0,6.5,1,2
,,,,,,,,,,,,,,,,,1,0,6.5,1,2
,,,,,,,,,,,,,,,,,1,0,6.5,1,2
,,,,,,,,,,,,,,,,,1,0,6.5,1,2
,,,,,,,,,,,,,,,,,1,0,6.5,1,2
,,,,,,,,,,,,,,,,,1,0,6.5,1,2
,,,,,,,,,,,,,,,,,1,0,6.5,1,2
,,,,,,,,,,,,,,,,,1,0,6.5,1,2
,,,,,,,,,,,,,,,,,1,0,6.5,1,2
,,,,,,,,,,,,,,,,,1,0,6.5,1,2
,,,,,,,,,,,,,,,,,1,0,6.5,1,2
,,,,,,,,,,,,,,,,,1,0,6.5,1,2
,,,,,,,,,,,,,,,,,1,0,7,1,2
,,,,,,,,,,,,,,,,,1,0,7,1,2
,,,,,,,,,,,,,,,,,1,0,7,1,2
,,,,,,,,,,,,,,,,,1,0,7,1,2
,,,,,,,,,,,,,,,,,1,0,7,1,2
,,,,,,,,,,,,,,,,,1,0,7,1,2
,,,,,,,,,,,,,,,,,1,0,7,1,2
,,,,,,,,,,,,,,,,,1,0,7,1,2
,,,,,,,,,,,,,,,,,1,0,7,1,2
,,,,,,,,,,,,,,,,,1,0,7,1,2
,,,,,,,,,,,,,,,,,1,0,7,1,2
,,,,,,,,,,,,,,,,,1,0,7,1,2
,,,,,,,,,,,,,,,,,1,0,7,1,2
,,,,,,,,,,,,,,,,,1,0,7.5,1,2
,,,,,,,,,,,,,,,,,1,0,7.5,1,2
,,,,,,,,,,,,,,,,,1,0,7.5,1,2
,,,,,,,,,,,,,,,,,1,0,7.5,1,2
,,,,,,,,,,,,,,,,,1,0,7.5,1,2
,,,,,,,,,,,,,,,,,1,0,7.5,1,2
,,,,,,,,,,,,,,,,,1,0,7.5,1,2
,,,,,,,,,,,,,,,,,1,0,7.5,1,2
,,,,,,,,,,,,,,,,,1,0,7.5,1,2
,,,,,,,,,,,,,,,,,1,0,7.5,1,2
,,,,,,,,,,,,,,,,,1,0,8,1,2
,,,,,,,,,,,,,,,,,1,0,8,1,2
,,,,,,,,,,,,,,,,,1,0,8,1,2
,,,,,,,,,,,,,,,,,1,0,8,1,2
,,,,,,,,,,,,,,,,,1,0,8,1,2
,,,,,,,,,,,,,,,,,1,0,8,1,2
,,,,,,,,,,,,,,,,,1,0,8,1,2
,,,,,,,,,,,,,,,,,1,0,8,1,2
,,,,,,,,,,,,,,,,,1,0,8.5,1,2
,,,,,,,,,,,,,,,,,1,0,8.5,1,2
,,,,,,,,,,,,,,,,,1,0,8.5,1,2
,,,,,,,,,,,,,,,,,1,0,8.5,1,2
,,,,,,,,,,,,,,,,,1,0,8.5,1,2
,,,,,,,,,,,,,,,,,1,0,8.5,1,2
,,,,,,,,,,,,,,,,,1,0,8.5,1,2
,,,,,,,,,,,,,,,,,1,0,9,1,2
,,,,,,,,,,,,,,,,,1,0,9,1,2
,,,,,,,,,,,,,,,,,1,0,9,1,2
,,,,,,,,,,,,,,,,,1,0,9,1,2
,,,,,,,,,,,,,,,,,1,0,9,1,2
,,,,,,,,,,,,,,,,,1,0,9,1,2
,,,,,,,,,,,,,,,,,1,0,9.5,1,2
,,,,,,,,,,,,,,,,,1,0,9.5,1,2
,,,,,,,,,,,,,,,,,1,0,9.5,1,2
,,,,,,,,,,,,,,,,,1,0,10,1,2
,,,,,,,,,,,,,,,,,1,0,10,1,2
,,,,,,,,,,,,,,,,,1,0,10,1,2
,,,,,,,,,,,,,,,,,1,0,10,1,2
,,,,,,,,,,,,,,,,,1,0,10,1,2
