Covidence #,Study ID,Title,Reviewer Name,First Author,Year of Publication,Title of Article,Outcome Description:,Task name Outcome 1,Task name Outcome 2,Task name Outcome 3,Task name Outcome 4,Task name Outcome 5,Task name Outcome 6,Task name Outcome 7,Task name Outcome 8,Task name Outcome 9,Task name Outcome 10,Task name Outcome 11,Task name Outcome 12,Task Type Outcome 1,Task Type Outcome 2,Task Type Outcome 3,Task Type Outcome 4,Task Type Outcome 5,Task Type Outcome 6,Task Type Outcome 7,Task Type Outcome 8,Task Type Outcome 9,Task Type Outcome 10,Task Type Outcome 11,Task Type Outcome 12,Incentivization Outcome 1,Incentivization Outcome 2,Incentivization Outcome 3,Incentivization Outcome 4,Incentivization Outcome 5,Incentivization Outcome 6,Incentivization Outcome 7,Incentivization Outcome 8,Incentivization Outcome 9,Incentivization Outcome 10,Incentivization Outcome 11,Incentivization Outcome 12,DV units Outcome 1,DV units Outcome 2,DV units Outcome 3,DV units Outcome 4,DV units Outcome 5,DV units Outcome 6,DV units Outcome 7,DV units Outcome 8,DV units Outcome 9,DV units Outcome 10,DV units Outcome 11,DV units Outcome 12,DV Description Outcome 1,DV Description Outcome 2,DV Description Outcome 3,DV Description Outcome 4,DV Description Outcome 5,DV Description Outcome 6,DV Description Outcome 7,DV Description Outcome 8,DV Description Outcome 9,DV Description Outcome 10,DV Description Outcome 11,DV Description Outcome 12,Frame Outcome 1,Frame Outcome 2,Frame Outcome 3,Frame Outcome 4,Frame Outcome 5,Frame Outcome 6,Frame Outcome 7,Frame Outcome 8,Frame Outcome 9,Frame Outcome 10,Frame Outcome 11,Frame Outcome 12,Paper Section Outcome 1,Paper Section Outcome 2,Paper Section Outcome 3,Paper Section Outcome 4,Paper Section Outcome 5,Paper Section Outcome 6,Paper Section Outcome 7,Paper Section Outcome 8,Paper Section Outcome 9,Paper Section Outcome 10,Paper Section Outcome 11,Paper Section Outcome 12,Overall Sample: Sample:,Total N Outcome 1,Total N Outcome 2,Total N Outcome 3,Total N Outcome 4,Total N Outcome 5,Total N Outcome 6,Total N Outcome 7,Total N Outcome 8,Total N Outcome 9,Total N Outcome 10,Total N Outcome 11,Total N Outcome 12,Prop. Female Outcome 1,Prop. Female Outcome 2,Prop. Female Outcome 3,Prop. Female Outcome 4,Prop. Female Outcome 5,Prop. Female Outcome 6,Prop. Female Outcome 7,Prop. Female Outcome 8,Prop. Female Outcome 9,Prop. Female Outcome 10,Prop. Female Outcome 11,Prop. Female Outcome 12,N. Female Outcome 1,N. Female Outcome 2,N. Female Outcome 3,N. Female Outcome 4,N. Female Outcome 5,N. Female Outcome 6,N. Female Outcome 7,N. Female Outcome 8,N. Female Outcome 9,N. Female Outcome 10,N. Female Outcome 11,N. Female Outcome 12,Prop. Male Outcome 1,Prop. Male Outcome 2,Prop. Male Outcome 3,Prop. Male Outcome 4,Prop. Male Outcome 5,Prop. Male Outcome 6,Prop. Male Outcome 7,Prop. Male Outcome 8,Prop. Male Outcome 9,Prop. Male Outcome 10,Prop. Male Outcome 11,Prop. Male Outcome 12,N. Male Outcome 1,N. Male Outcome 2,N. Male Outcome 3,N. Male Outcome 4,N. Male Outcome 5,N. Male Outcome 6,N. Male Outcome 7,N. Male Outcome 8,N. Male Outcome 9,N. Male Outcome 10,N. Male Outcome 11,N. Male Outcome 12,Sample Code Outcome 1,Sample Code Outcome 2,Sample Code Outcome 3,Sample Code Outcome 4,Sample Code Outcome 5,Sample Code Outcome 6,Sample Code Outcome 7,Sample Code Outcome 8,Sample Code Outcome 9,Sample Code Outcome 10,Sample Code Outcome 11,Sample Code Outcome 12,Overall Sample: Age:,Mean Age Outcome 1,Mean Age Outcome 2,Mean Age Outcome 3,Mean Age Outcome 4,Mean Age Outcome 5,Mean Age Outcome 6,Mean Age Outcome 7,Mean Age Outcome 8,Mean Age Outcome 9,Mean Age Outcome 10,Mean Age Outcome 11,Mean Age Outcome 12,SE Age Outcome 1,SE Age Outcome 2,SE Age Outcome 3,SE Age Outcome 4,SE Age Outcome 5,SE Age Outcome 6,SE Age Outcome 7,SE Age Outcome 8,SE Age Outcome 9,SE Age Outcome 10,SE Age Outcome 11,SE Age Outcome 12,SD Age Outcome 1,SD Age Outcome 2,SD Age Outcome 3,SD Age Outcome 4,SD Age Outcome 5,SD Age Outcome 6,SD Age Outcome 7,SD Age Outcome 8,SD Age Outcome 9,SD Age Outcome 10,SD Age Outcome 11,SD Age Outcome 12,Age Min. Outcome 1,Age Min. Outcome 2,Age Min. Outcome 3,Age Min. Outcome 4,Age Min. Outcome 5,Age Min. Outcome 6,Age Min. Outcome 7,Age Min. Outcome 8,Age Min. Outcome 9,Age Min. Outcome 10,Age Min. Outcome 11,Age Min. Outcome 12,Age Max. Outcome 1,Age Max. Outcome 2,Age Max. Outcome 3,Age Max. Outcome 4,Age Max. Outcome 5,Age Max. Outcome 6,Age Max. Outcome 7,Age Max. Outcome 8,Age Max. Outcome 9,Age Max. Outcome 10,Age Max. Outcome 11,Age Max. Outcome 12,By age Group: Sample:,Young: Total N Outcome 1,Young: Total N Outcome 2,Young: Total N Outcome 3,Young: Total N Outcome 4,Young: Total N Outcome 5,Young: Total N Outcome 6,Young: Total N Outcome 7,Young: Total N Outcome 8,Young: Total N Outcome 9,Young: Total N Outcome 10,Young: Total N Outcome 11,Young: Total N Outcome 12,Young: Prop. Female  Outcome 1,Young: Prop. Female  Outcome 2,Young: Prop. Female  Outcome 3,Young: Prop. Female  Outcome 4,Young: Prop. Female  Outcome 5,Young: Prop. Female  Outcome 6,Young: Prop. Female  Outcome 7,Young: Prop. Female  Outcome 8,Young: Prop. Female  Outcome 9,Young: Prop. Female  Outcome 10,Young: Prop. Female  Outcome 11,Young: Prop. Female  Outcome 12,Young: N. Female Outcome 1,Young: N. Female Outcome 2,Young: N. Female Outcome 3,Young: N. Female Outcome 4,Young: N. Female Outcome 5,Young: N. Female Outcome 6,Young: N. Female Outcome 7,Young: N. Female Outcome 8,Young: N. Female Outcome 9,Young: N. Female Outcome 10,Young: N. Female Outcome 11,Young: N. Female Outcome 12,Young: Prop. Male  Outcome 1,Young: Prop. Male  Outcome 2,Young: Prop. Male  Outcome 3,Young: Prop. Male  Outcome 4,Young: Prop. Male  Outcome 5,Young: Prop. Male  Outcome 6,Young: Prop. Male  Outcome 7,Young: Prop. Male  Outcome 8,Young: Prop. Male  Outcome 9,Young: Prop. Male  Outcome 10,Young: Prop. Male  Outcome 11,Young: Prop. Male  Outcome 12,Young: N. Male Outcome 1,Young: N. Male Outcome 2,Young: N. Male Outcome 3,Young: N. Male Outcome 4,Young: N. Male Outcome 5,Young: N. Male Outcome 6,Young: N. Male Outcome 7,Young: N. Male Outcome 8,Young: N. Male Outcome 9,Young: N. Male Outcome 10,Young: N. Male Outcome 11,Young: N. Male Outcome 12,Middle: Total N Outcome 1,Middle: Total N Outcome 2,Middle: Total N Outcome 3,Middle: Total N Outcome 4,Middle: Total N Outcome 5,Middle: Total N Outcome 6,Middle: Total N Outcome 7,Middle: Total N Outcome 8,Middle: Total N Outcome 9,Middle: Total N Outcome 10,Middle: Total N Outcome 11,Middle: Total N Outcome 12,Middle: Prop. Female  Outcome 1,Middle: Prop. Female  Outcome 2,Middle: Prop. Female  Outcome 3,Middle: Prop. Female  Outcome 4,Middle: Prop. Female  Outcome 5,Middle: Prop. Female  Outcome 6,Middle: Prop. Female  Outcome 7,Middle: Prop. Female  Outcome 8,Middle: Prop. Female  Outcome 9,Middle: Prop. Female  Outcome 10,Middle: Prop. Female  Outcome 11,Middle: Prop. Female  Outcome 12,Middle: N. Female Outcome 1,Middle: N. Female Outcome 2,Middle: N. Female Outcome 3,Middle: N. Female Outcome 4,Middle: N. Female Outcome 5,Middle: N. Female Outcome 6,Middle: N. Female Outcome 7,Middle: N. Female Outcome 8,Middle: N. Female Outcome 9,Middle: N. Female Outcome 10,Middle: N. Female Outcome 11,Middle: N. Female Outcome 12,Middle: Prop. Male Outcome 1,Middle: Prop. Male Outcome 2,Middle: Prop. Male Outcome 3,Middle: Prop. Male Outcome 4,Middle: Prop. Male Outcome 5,Middle: Prop. Male Outcome 6,Middle: Prop. Male Outcome 7,Middle: Prop. Male Outcome 8,Middle: Prop. Male Outcome 9,Middle: Prop. Male Outcome 10,Middle: Prop. Male Outcome 11,Middle: Prop. Male Outcome 12,Middle: N. Male Outcome 1,Middle: N. Male Outcome 2,Middle: N. Male Outcome 3,Middle: N. Male Outcome 4,Middle: N. Male Outcome 5,Middle: N. Male Outcome 6,Middle: N. Male Outcome 7,Middle: N. Male Outcome 8,Middle: N. Male Outcome 9,Middle: N. Male Outcome 10,Middle: N. Male Outcome 11,Middle: N. Male Outcome 12,Old: Total N Outcome 1,Old: Total N Outcome 2,Old: Total N Outcome 3,Old: Total N Outcome 4,Old: Total N Outcome 5,Old: Total N Outcome 6,Old: Total N Outcome 7,Old: Total N Outcome 8,Old: Total N Outcome 9,Old: Total N Outcome 10,Old: Total N Outcome 11,Old: Total N Outcome 12,Old: Prop. Female  Outcome 1,Old: Prop. Female  Outcome 2,Old: Prop. Female  Outcome 3,Old: Prop. Female  Outcome 4,Old: Prop. Female  Outcome 5,Old: Prop. Female  Outcome 6,Old: Prop. Female  Outcome 7,Old: Prop. Female  Outcome 8,Old: Prop. Female  Outcome 9,Old: Prop. Female  Outcome 10,Old: Prop. Female  Outcome 11,Old: Prop. Female  Outcome 12,Old: N. Female Outcome 1,Old: N. Female Outcome 2,Old: N. Female Outcome 3,Old: N. Female Outcome 4,Old: N. Female Outcome 5,Old: N. Female Outcome 6,Old: N. Female Outcome 7,Old: N. Female Outcome 8,Old: N. Female Outcome 9,Old: N. Female Outcome 10,Old: N. Female Outcome 11,Old: N. Female Outcome 12,Old: Prop. Male  Outcome 1,Old: Prop. Male  Outcome 2,Old: Prop. Male  Outcome 3,Old: Prop. Male  Outcome 4,Old: Prop. Male  Outcome 5,Old: Prop. Male  Outcome 6,Old: Prop. Male  Outcome 7,Old: Prop. Male  Outcome 8,Old: Prop. Male  Outcome 9,Old: Prop. Male  Outcome 10,Old: Prop. Male  Outcome 11,Old: Prop. Male  Outcome 12,Old: N. Male Outcome 1,Old: N. Male Outcome 2,Old: N. Male Outcome 3,Old: N. Male Outcome 4,Old: N. Male Outcome 5,Old: N. Male Outcome 6,Old: N. Male Outcome 7,Old: N. Male Outcome 8,Old: N. Male Outcome 9,Old: N. Male Outcome 10,Old: N. Male Outcome 11,Old: N. Male Outcome 12,Grp Sample Code Outcome 1,Grp Sample Code Outcome 2,Grp Sample Code Outcome 3,Grp Sample Code Outcome 4,Grp Sample Code Outcome 5,Grp Sample Code Outcome 6,Grp Sample Code Outcome 7,Grp Sample Code Outcome 8,Grp Sample Code Outcome 9,Grp Sample Code Outcome 10,Grp Sample Code Outcome 11,Grp Sample Code Outcome 12,By age Group: Age:,Young: Mean Age  Outcome 1,Young: Mean Age  Outcome 2,Young: Mean Age  Outcome 3,Young: Mean Age  Outcome 4,Young: Mean Age  Outcome 5,Young: Mean Age  Outcome 6,Young: Mean Age  Outcome 7,Young: Mean Age  Outcome 8,Young: Mean Age  Outcome 9,Young: Mean Age  Outcome 10,Young: Mean Age  Outcome 11,Young: Mean Age  Outcome 12,Young: SE Age Outcome 1,Young: SE Age Outcome 2,Young: SE Age Outcome 3,Young: SE Age Outcome 4,Young: SE Age Outcome 5,Young: SE Age Outcome 6,Young: SE Age Outcome 7,Young: SE Age Outcome 8,Young: SE Age Outcome 9,Young: SE Age Outcome 10,Young: SE Age Outcome 11,Young: SE Age Outcome 12,Young: SD Age Outcome 1,Young: SD Age Outcome 2,Young: SD Age Outcome 3,Young: SD Age Outcome 4,Young: SD Age Outcome 5,Young: SD Age Outcome 6,Young: SD Age Outcome 7,Young: SD Age Outcome 8,Young: SD Age Outcome 9,Young: SD Age Outcome 10,Young: SD Age Outcome 11,Young: SD Age Outcome 12,Young: Age Min. Outcome 1,Young: Age Min. Outcome 2,Young: Age Min. Outcome 3,Young: Age Min. Outcome 4,Young: Age Min. Outcome 5,Young: Age Min. Outcome 6,Young: Age Min. Outcome 7,Young: Age Min. Outcome 8,Young: Age Min. Outcome 9,Young: Age Min. Outcome 10,Young: Age Min. Outcome 11,Young: Age Min. Outcome 12,Young: Age Max. Outcome 1,Young: Age Max. Outcome 2,Young: Age Max. Outcome 3,Young: Age Max. Outcome 4,Young: Age Max. Outcome 5,Young: Age Max. Outcome 6,Young: Age Max. Outcome 7,Young: Age Max. Outcome 8,Young: Age Max. Outcome 9,Young: Age Max. Outcome 10,Young: Age Max. Outcome 11,Young: Age Max. Outcome 12,Middle: Mean Age  Outcome 1,Middle: Mean Age  Outcome 2,Middle: Mean Age  Outcome 3,Middle: Mean Age  Outcome 4,Middle: Mean Age  Outcome 5,Middle: Mean Age  Outcome 6,Middle: Mean Age  Outcome 7,Middle: Mean Age  Outcome 8,Middle: Mean Age  Outcome 9,Middle: Mean Age  Outcome 10,Middle: Mean Age  Outcome 11,Middle: Mean Age  Outcome 12,Middle: SE Age Outcome 1,Middle: SE Age Outcome 2,Middle: SE Age Outcome 3,Middle: SE Age Outcome 4,Middle: SE Age Outcome 5,Middle: SE Age Outcome 6,Middle: SE Age Outcome 7,Middle: SE Age Outcome 8,Middle: SE Age Outcome 9,Middle: SE Age Outcome 10,Middle: SE Age Outcome 11,Middle: SE Age Outcome 12,Middle: SD Age Outcome 1,Middle: SD Age Outcome 2,Middle: SD Age Outcome 3,Middle: SD Age Outcome 4,Middle: SD Age Outcome 5,Middle: SD Age Outcome 6,Middle: SD Age Outcome 7,Middle: SD Age Outcome 8,Middle: SD Age Outcome 9,Middle: SD Age Outcome 10,Middle: SD Age Outcome 11,Middle: SD Age Outcome 12,Middle: Age Min. Outcome 1,Middle: Age Min. Outcome 2,Middle: Age Min. Outcome 3,Middle: Age Min. Outcome 4,Middle: Age Min. Outcome 5,Middle: Age Min. Outcome 6,Middle: Age Min. Outcome 7,Middle: Age Min. Outcome 8,Middle: Age Min. Outcome 9,Middle: Age Min. Outcome 10,Middle: Age Min. Outcome 11,Middle: Age Min. Outcome 12,Middle: Age Max. Outcome 1,Middle: Age Max. Outcome 2,Middle: Age Max. Outcome 3,Middle: Age Max. Outcome 4,Middle: Age Max. Outcome 5,Middle: Age Max. Outcome 6,Middle: Age Max. Outcome 7,Middle: Age Max. Outcome 8,Middle: Age Max. Outcome 9,Middle: Age Max. Outcome 10,Middle: Age Max. Outcome 11,Middle: Age Max. Outcome 12,Old: Mean Age  Outcome 1,Old: Mean Age  Outcome 2,Old: Mean Age  Outcome 3,Old: Mean Age  Outcome 4,Old: Mean Age  Outcome 5,Old: Mean Age  Outcome 6,Old: Mean Age  Outcome 7,Old: Mean Age  Outcome 8,Old: Mean Age  Outcome 9,Old: Mean Age  Outcome 10,Old: Mean Age  Outcome 11,Old: Mean Age  Outcome 12,Old: SE Age Outcome 1,Old: SE Age Outcome 2,Old: SE Age Outcome 3,Old: SE Age Outcome 4,Old: SE Age Outcome 5,Old: SE Age Outcome 6,Old: SE Age Outcome 7,Old: SE Age Outcome 8,Old: SE Age Outcome 9,Old: SE Age Outcome 10,Old: SE Age Outcome 11,Old: SE Age Outcome 12,Old: SD Age Outcome 1,Old: SD Age Outcome 2,Old: SD Age Outcome 3,Old: SD Age Outcome 4,Old: SD Age Outcome 5,Old: SD Age Outcome 6,Old: SD Age Outcome 7,Old: SD Age Outcome 8,Old: SD Age Outcome 9,Old: SD Age Outcome 10,Old: SD Age Outcome 11,Old: SD Age Outcome 12,Old: Age Min. Outcome 1,Old: Age Min. Outcome 2,Old: Age Min. Outcome 3,Old: Age Min. Outcome 4,Old: Age Min. Outcome 5,Old: Age Min. Outcome 6,Old: Age Min. Outcome 7,Old: Age Min. Outcome 8,Old: Age Min. Outcome 9,Old: Age Min. Outcome 10,Old: Age Min. Outcome 11,Old: Age Min. Outcome 12,Old: Age Max. Outcome 1,Old: Age Max. Outcome 2,Old: Age Max. Outcome 3,Old: Age Max. Outcome 4,Old: Age Max. Outcome 5,Old: Age Max. Outcome 6,Old: Age Max. Outcome 7,Old: Age Max. Outcome 8,Old: Age Max. Outcome 9,Old: Age Max. Outcome 10,Old: Age Max. Outcome 11,Old: Age Max. Outcome 12,Effect Sizes:,Young: Mean  Outcome 1,Young: Mean  Outcome 2,Young: Mean  Outcome 3,Young: Mean  Outcome 4,Young: Mean  Outcome 5,Young: Mean  Outcome 6,Young: Mean  Outcome 7,Young: Mean  Outcome 8,Young: Mean  Outcome 9,Young: Mean  Outcome 10,Young: Mean  Outcome 11,Young: Mean  Outcome 12,Young: SD Outcome 1,Young: SD Outcome 2,Young: SD Outcome 3,Young: SD Outcome 4,Young: SD Outcome 5,Young: SD Outcome 6,Young: SD Outcome 7,Young: SD Outcome 8,Young: SD Outcome 9,Young: SD Outcome 10,Young: SD Outcome 11,Young: SD Outcome 12,Young: SE Outcome 1,Young: SE Outcome 2,Young: SE Outcome 3,Young: SE Outcome 4,Young: SE Outcome 5,Young: SE Outcome 6,Young: SE Outcome 7,Young: SE Outcome 8,Young: SE Outcome 9,Young: SE Outcome 10,Young: SE Outcome 11,Young: SE Outcome 12,Middle: Mean  Outcome 1,Middle: Mean  Outcome 2,Middle: Mean  Outcome 3,Middle: Mean  Outcome 4,Middle: Mean  Outcome 5,Middle: Mean  Outcome 6,Middle: Mean  Outcome 7,Middle: Mean  Outcome 8,Middle: Mean  Outcome 9,Middle: Mean  Outcome 10,Middle: Mean  Outcome 11,Middle: Mean  Outcome 12,Middle: SD  Outcome 1,Middle: SD  Outcome 2,Middle: SD  Outcome 3,Middle: SD  Outcome 4,Middle: SD  Outcome 5,Middle: SD  Outcome 6,Middle: SD  Outcome 7,Middle: SD  Outcome 8,Middle: SD  Outcome 9,Middle: SD  Outcome 10,Middle: SD  Outcome 11,Middle: SD  Outcome 12,Middle: SE  Outcome 1,Middle: SE  Outcome 2,Middle: SE  Outcome 3,Middle: SE  Outcome 4,Middle: SE  Outcome 5,Middle: SE  Outcome 6,Middle: SE  Outcome 7,Middle: SE  Outcome 8,Middle: SE  Outcome 9,Middle: SE  Outcome 10,Middle: SE  Outcome 11,Middle: SE  Outcome 12,Old: Mean  Outcome 1,Old: Mean  Outcome 2,Old: Mean  Outcome 3,Old: Mean  Outcome 4,Old: Mean  Outcome 5,Old: Mean  Outcome 6,Old: Mean  Outcome 7,Old: Mean  Outcome 8,Old: Mean  Outcome 9,Old: Mean  Outcome 10,Old: Mean  Outcome 11,Old: Mean  Outcome 12,Old: SD  Outcome 1,Old: SD  Outcome 2,Old: SD  Outcome 3,Old: SD  Outcome 4,Old: SD  Outcome 5,Old: SD  Outcome 6,Old: SD  Outcome 7,Old: SD  Outcome 8,Old: SD  Outcome 9,Old: SD  Outcome 10,Old: SD  Outcome 11,Old: SD  Outcome 12,Old: SE  Outcome 1,Old: SE  Outcome 2,Old: SE  Outcome 3,Old: SE  Outcome 4,Old: SE  Outcome 5,Old: SE  Outcome 6,Old: SE  Outcome 7,Old: SE  Outcome 8,Old: SE  Outcome 9,Old: SE  Outcome 10,Old: SE  Outcome 11,Old: SE  Outcome 12,Correlation Outcome 1,Correlation Outcome 2,Correlation Outcome 3,Correlation Outcome 4,Correlation Outcome 5,Correlation Outcome 6,Correlation Outcome 7,Correlation Outcome 8,Correlation Outcome 9,Correlation Outcome 10,Correlation Outcome 11,Correlation Outcome 12,Other Stats. Output Outcome 1,Other Stats. Output Outcome 2,Other Stats. Output Outcome 3,Other Stats. Output Outcome 4,Other Stats. Output Outcome 5,Other Stats. Output Outcome 6,Other Stats. Output Outcome 7,Other Stats. Output Outcome 8,Other Stats. Output Outcome 9,Other Stats. Output Outcome 10,Other Stats. Output Outcome 11,Other Stats. Output Outcome 12,Name of Other Stats. Output Outcome 1,Name of Other Stats. Output Outcome 2,Name of Other Stats. Output Outcome 3,Name of Other Stats. Output Outcome 4,Name of Other Stats. Output Outcome 5,Name of Other Stats. Output Outcome 6,Name of Other Stats. Output Outcome 7,Name of Other Stats. Output Outcome 8,Name of Other Stats. Output Outcome 9,Name of Other Stats. Output Outcome 10,Name of Other Stats. Output Outcome 11,Name of Other Stats. Output Outcome 12,Type of comparison Outcome 1,Type of comparison Outcome 2,Type of comparison Outcome 3,Type of comparison Outcome 4,Type of comparison Outcome 5,Type of comparison Outcome 6,Type of comparison Outcome 7,Type of comparison Outcome 8,Type of comparison Outcome 9,Type of comparison Outcome 10,Type of comparison Outcome 11,Type of comparison Outcome 12,Summary Stats. in Figure Outcome 1,Summary Stats. in Figure Outcome 2,Summary Stats. in Figure Outcome 3,Summary Stats. in Figure Outcome 4,Summary Stats. in Figure Outcome 5,Summary Stats. in Figure Outcome 6,Summary Stats. in Figure Outcome 7,Summary Stats. in Figure Outcome 8,Summary Stats. in Figure Outcome 9,Summary Stats. in Figure Outcome 10,Summary Stats. in Figure Outcome 11,Summary Stats. in Figure Outcome 12
664,Hellmann 2021,Prosocial behavior during the COVID-19 pandemic in Germany. The role of responsibility and vulnerability,Consensus,Hellmann,2021,Prosocial behavior during the COVID-19 pandemic in Germany. The role of responsibility and vulnerability,,Social Value Orientation Slider ,Dictator  Game,Dictator  Game,,,,,,,,,,Description,Description,Description,,,,,,,,,,Incentivized,Incentivized,Incentivized,,,,,,,,,,SVO angle,Amount given,Amount given,,,,,,,,,,Social Value Orientation angle as the total number of prosocial choices. Measured during the pandemic,Amount sent to the recipient,Amount sent to the recipient,,,,,,,,,,,,,,,,,,,,,,Study 1,Study 1,Study 2,,,,,,,,,,,200,200,301,,,,,,,,,,,,,,,,,,,,,,141,141,156,,,,,,,,,,,,,,,,,,,,,,,,,,,,,,,,,,Sample 1,Sample 1,Sample 1,,,,,,,,,,,31,31,50,,,,,,,,,,,,,,,,,,,,,,,,,,,,,,,,,,,,,,,,,,,,,,,,,,,,,,,,,,,,,,,,,,,,,,,,,,,,,,,,,,,,,,,,,,,,,,,,,,,,,,,,,,,,,,,,,,,,,,,,,,,,,,,,,,,,,,,,,,,,,,,,,,,,,,,,,,,,,,,,,,,,,,,,,,,,,,,,,,,,,,,,,,,,,,,,,,,,,,,,,,,,,,,,,,,,,,,,,,,,,,,,,,,,,,,,,,,,,,,,,,,,,,,,,,,,,,,,,,,,,,,,,,,,,,,,,,,,,,,,,,,,,,,,,,,,,,,,,,,,,,,,,,,,,,,,,,,,,,,,,,,,,,,,,,,,,,,,,,,,,,,,,,,,,,,,,,,,,,,,,,,,,,,,,,,,,,,,,,,,,,,,,,,,,,,,,,,,,,,,,,,,,,,,,,,,,,,,,,,,,,,,,,,,,,,,,,,,,,,,,,,,,,,,,,,,,,,,,,,,,,,,,,,,,,,,,,,,,,,,,,,,,,,,,,,,,,,,,,,,,,,,,,,,,,,,,,,,,,,,,,,,,,,,,,,,,,,,,,,,,,,,,,,,,,,,,,,,,,,,,,,,,,,,,,,,,,,,,Age continuous,Age continuous,Age continuous,,,,,,,,,,raw data available at  https://osf.io/53y7a/,raw data available at  https://osf.io/53y7a/,raw data available at  https://osf.io/qas2x/,,,,,,,,,
478,Long 2017,Altruism by age and social proximity,Consensus,Long,2017,Altruism by age and social proximity,,Dictator game,,,,,,,,,,,,Description,,,,,,,,,,,,Hypothetical,,,,,,,,,,,,Scratch off tickets given,,,,,,,,,,,,Mean number of scratch off tickets given to recipient,,,,,,,,,,,,,,,,,,,,,,,,Survey 1,,,,,,,,,,,,,496,,,,,,,,,,,,,,,,,,,,,,,,,,,,,,,,,,,,,,,,,,,,,,,,,,,,,,,,,,,,Sample 1,,,,,,,,,,,,,,,,,,,,,,,,,,,,,,,,,,,,,,,,,,,,,,,,,,,,,,,,,,,,,,,,,,,,,,,,,,,,,,,,,,,,,,,,,,,,,,,,,,,,,,,,,,,,,,,,,,,,,,,,,,,,,,,,,,,,,,,,,,,,,,,,,,,,,,,,,,,,,,,,,,,,,,,,,,,,,,,,,,,,,,,,,,,,,,,,,,,,,,,,,,,,,,,,,,,,,,,,,,,,,,,,,,,,,,,,,,,,,,,,,,,,,,,,,,,,,,,,,,,,,,,,,,,,,,,,,,,,,,,,,,,,,,,,,,,,,,,,,,,,,,,,,,,,,,,,,,,,,,,,,,,,,,,,,,,,,,,,,,,,,,,,,,,,,,,,,,,,,,,,,,,,,,,,,,,,,,,,,,,,,,,,,,,,,,,,,,,,,,,,,,,,,,,,,,,,,,,,,,,,,,,,,,,,,,,,,,,,,,,,,,,,,,,,,,,,,,,,,,,,,,,,,,,,,,,,,,,,,,,,,,,,,,,,,,,,,,,,,,,,,,,,,,,,,,,,,,,,,,,,,,,,,,,,,,,,,,,,,,,,,,,,,,,,,,,,,,,,,,,,,,,,,,,,,,,,,,,,,,,,,,,,,,,,,,,,Extreme group (M + SD),,,,,,,,,,,,raw data available,,,,,,,,,,,
465,Sparrow 2018,Aging and Altruism in Intertemporal Choice,Consensus,Sparrow,2018,Aging and Altruism in Intertemporal Choice,,Dictator Game ,Dictator Game ,Dictator Game ,Dictator Game ,,,,,,,,,Description,Description,Description,Description,,,,,,,,,Hypothetical,Hypothetical,Hypothetical,Hypothetical,,,,,,,,,Amount sent ,Amount sent ,Amount sent ,Amount sent ,,,,,,,,,Amount sent to charity,Amount sent to a stranger,Amount sent to charity,Amount sent to a stranger,,,,,,,,,,,,,,,,,,,,,Experiment 1,Experiment 1,Experiment 2,Experiment 2,,,,,,,,,,,,,,,,,,,,,,,,,,,,,,,,,,,,,,,,,,,,,,,,,,,,,,,,,,,,,,,,,,,,,,,,,,,,,,,,,,,,,,,,,,,,,,,,,,,,,,,,,,,,,,,,,,,,,,,,,,,,,,,,,,,,,,,,,,,,,,,,32,32,31,31,,,,,,,,,0.62,0.62,0.61,0.61,,,,,,,,,,,,,,,,,,,,,,,,,,,,,,,,,,,,,,,,,,,,,,,,,,,,,,,,,,,,,,,,,,,,,,,,,,,,,,,,,,,,,,,,,,,,,,,,,,,,,,,,,30,30,23,23,,,,,,,,,0.63,0.63,0.61,0.61,,,,,,,,,,,,,,,,,,,,,,,,,,,,,,,,,,,,,,,,,,,,,Sample 1,Sample 1,Sample 1,Sample 1,,,,,,,,,,25.28,25.28,20.84,20.84,,,,,,,,,,,,,,,,,,,,,5.22,5.22,2.67,2.67,,,,,,,,,18,18,18,18,,,,,,,,,35,35,30,30,,,,,,,,,,,,,,,,,,,,,,,,,,,,,,,,,,,,,,,,,,,,,,,,,,,,,,,,,,,,,,,,,,,,,70.57,70.57,71.35,71.35,,,,,,,,,,,,,,,,,,,,,4.88,4.88,6.96,6.96,,,,,,,,,65,65,65,65,,,,,,,,,85,85,97,97,,,,,,,,,,4.81,3.91,4.23,2.54,,,,,,,,,3.11,2.94,3.65,2.76,,,,,,,,,,,,,,,,,,,,,,,,,,,,,,,,,,,,,,,,,,,,,,,,,,,,,,,,,6.73,4.63,7.91,4.22,,,,,,,,,3.81,3.18,3.41,3.18,,,,,,,,,,,,,,,,,,,,,,,,,,,,,,,,,,,,,,,,,,,,,,,,,,,,,,,,,Extreme group (M + SD),Extreme group (M + SD),Extreme group (M + SD),Extreme group (M + SD),,,,,,,,,,,,,,,,,,,,
460,Romano 2021,Generosity and Cooperation Across the Life Span: A Lab-in-the-Field Study,Consensus,Romano,2021,Generosity and Cooperation Across the Life Span: A Lab-in-the-Field Study,,Dictator Game,Dictator Game,Dictator Game,,,,,,,,,,Description,Description,Description,,,,,,,,,,Incetivized,Incentivized,Incentivized,,,,,,,,,,Amount given,Amount given,Amount given,,,,,,,,,,Amount given to a young recipient,Amount given to a middle aged recipient,Amount given to an older recipient,,,,,,,,,,,,,,,,,,,,,,single,single,single,,,,,,,,,,,,,,,,,,,,,,,,,,,,,,,,,,,,,,,,,,,,,,,,,,,,,,,,,,,,,,,,,,,,,,,,,,,,,,,,,,,,,,,,,,,,,,,,,,,,,,,,,,,,,,,,,,,,,,,,,,,,,,,,,,,,,,,,,,,,,,,,,130,130,130,,,,,,,,,,0.5769,0.5769,0.5769,,,,,,,,,,,,,,,,,,,,,,,,,,,,,,,,,,,,,,,,,,,,,,111,111,111,,,,,,,,,,0.6306,0.6306,0.6306,,,,,,,,,,,,,,,,,,,,,,,,,,,,,,,,,,,,,,,,,,,,,,118,118,118,,,,,,,,,,0.5424,0.5424,0.5424,,,,,,,,,,,,,,,,,,,,,,,,,,,,,,,,,,,,,,,,,,,,,,Sample1,Sample1,Sample1,,,,,,,,,,,28,28,28,,,,,,,,,,,,,,,,,,,,,,,,,,,,,,,,,,18,18,18,,,,,,,,,,39,39,39,,,,,,,,,,50,50,50,,,,,,,,,,,,,,,,,,,,,,,,,,,,,,,,,,40,40,40,,,,,,,,,,59,59,59,,,,,,,,,,70,70,70,,,,,,,,,,,,,,,,,,,,,,,,,,,,,,,,,,60,60,60,,,,,,,,,,90,90,90,,,,,,,,,,,4.16,3.74,4.28,,,,,,,,,,2.69,2.46,2.89,,,,,,,,,,,,,,,,,,,,,,4.54,3.89,4.3,,,,,,,,,,2.92,2.58,2.9,,,,,,,,,,,,,,,,,,,,,,5.03,3.84,5.17,,,,,,,,,,3.23,3.01,3.43,,,,,,,,,,,,,,,,,,,,,,,,,,,,,,,,,,,,,,,,,,,,,,,,,,,,,,,,,,Extreme group (M + SD),Extreme group (M + SD),Extreme group (M + SD),,,,,,,,,,,,,,,,,,,,,
459,Pornpattananangkul 2019,Social Discounting in the Elderly: Senior Citizens are Good Samaritans to Strangers,Consensus,Pornpattananangkul,2019,Social Discounting in the Elderly: Senior Citizens are Good Samaritans to Strangers,,Social-Discounting Task,,,,,,,,,,,,Description,,,,,,,,,,,,Hypothetical,,,,,,,,,,,,Area Under Curve,,,,,,,,,,,,Overall social-discounting. higher values indicate more generosity toward socially distant others.,,,,,,,,,,,,,,,,,,,,,,,,single,,,,,,,,,,,,,,,,,,,,,,,,,,,,,,,,,,,,,,,,,,,,,,,,,,,,,,,,,,,,,,,,,,,,,,,,,,,,,,,,,,,,,,,,,,,,,,,,,,,,,,,,,,,,,,,,,,,,,,,,,,,,,,,,,,,,,,,,,,,,,,,,,,,39,,,,,,,,,,,,,,,,,,,,,,,,25,,,,,,,,,,,,,,,,,,,,,,,,,,,,,,,,,,,,,,,,,,,,,,,,,,,,,,,,,,,,,,,,,,,,,,,,,,,,,,,,,,,,,,,,,,,,,,,,39,,,,,,,,,,,,,,,,,,,,,,,,21,,,,,,,,,,,,,,,,,,,,,,,,,,,,,,,,,,,,Sample 1,,,,,,,,,,,,,22.79,,,,,,,,,,,,,,,,,,,,,,,,2.54,,,,,,,,,,,,,,,,,,,,,,,,,,,,,,,,,,,,,,,,,,,,,,,,,,,,,,,,,,,,,,,,,,,,,,,,,,,,,,,,,,,,,,,,,,,,,,,,69.69,,,,,,,,,,,,,,,,,,,,,,,,3.66,,,,,,,,,,,,,,,,,,,,,,,,,,,,,,,,,,,,,0.2859,,,,,,,,,,,,0.2025,,,,,,,,,,,,,,,,,,,,,,,,,,,,,,,,,,,,,,,,,,,,,,,,,,,,,,,,,,,,0.4063,,,,,,,,,,,,0.3159,,,,,,,,,,,,,,,,,,,,,,,,,,,,,,,,,,,,,,,,,,,,,,,,,,,,,,,,,,,,Extreme group (M + SD),,,,,,,,,,,,,,,,,,,,,,,
457,Sparrow 2019,Acute stress and altruism in younger and older adults,Consensus,Sparrow,2019,Acute stress and altruism in younger and older adults,,Dictator game,Dictator game,,,,,,,,,,,Description,Description,,,,,,,,,,,Hypothetical,Hypothetical,,,,,,,,,,,Amount sent,Amount sent,,,,,,,,,,,Amount sent to charity,Amount sent to a stranger,,,,,,,,,,,,,,,,,,,,,,,single,single,,,,,,,,,,,,,,,,,,,,,,,,,,,,,,,,,,,,,,,,,,,,,,,,,,,,,,,,,,,,,,,,,,,,,,,,,,,,,,,,,,,,,,,,,,,,,,,,,,,,,,,,,,,,,,,,,,,,,,,,,,,,,,,,,,,,,,,,,,,,,,,,,,36,36,,,,,,,,,,,0.58,0.58,,,,,,,,,,,,,,,,,,,,,,,,,,,,,,,,,,,,,,,,,,,,,,,,,,,,,,,,,,,,,,,,,,,,,,,,,,,,,,,,,,,,,,,,,,,,,,,,,,,,,,,,,,,36,36,,,,,,,,,,,0.63,0.63,,,,,,,,,,,,,,,,,,,,,,,,,,,,,,,,,,,,,,,,,,,,,,,Sample 1,Sample 1,,,,,,,,,,,,21,21,,,,,,,,,,,,,,,,,,,,,,,3.44,3.44,,,,,,,,,,,18,18,,,,,,,,,,,30,30,,,,,,,,,,,,,,,,,,,,,,,,,,,,,,,,,,,,,,,,,,,,,,,,,,,,,,,,,,,,,,,,,,,,,,,70.11,70.11,,,,,,,,,,,,,,,,,,,,,,,4.91,4.91,,,,,,,,,,,65,65,,,,,,,,,,,85,85,,,,,,,,,,,,7.25,4.36,,,,,,,,,,,2.97,3.29,,,,,,,,,,,,,,,,,,,,,,,,,,,,,,,,,,,,,,,,,,,,,,,,,,,,,,,,,,,8.67,7.22,,,,,,,,,,,3.13,3.17,,,,,,,,,,,,,,,,,,,,,,,,,,,,,,,,,,,,,,,,,,,,,,,,,,,,,,,,,,,Extreme group (M + SD),Extreme group (M + SD),,,,,,,,,,,,,,,,,,,,,,
444,Gong 2019,Are Older Adults More Willing to Donate? The Roles of Donation Form and Social Relationship,Consensus,Gong,2019,Are Older Adults More Willing to Donate? The Roles of Donation Form and Social Relationship,,Social Discounting Task,Social Discounting Task,Social Discounting Task,Social Discounting Task,,,,,,,,,Description,Description,Description,Description,,,,,,,,,Hypothetical ,Hypothetical,Hypothetical,Hypothetical,,,,,,,,,Discount rate,Discount rate,Area Under Curve,Area Under Curve,,,,,,,,,Degree of social discounting for Relative-Money trials,Degree of social discounting for NonRelative-Money trials,Index the donor’s overall generosity to people. Relative-Money trials,Index the donor’s overall generosity to people. NonRelative-Money trials,,,,,,,,,,,,,,,,,,,,,single,single,single,single,,,,,,,,,,,,,,,,,,,,,,,,,,,,,,,,,,,,,,,,,,,,,,,,,,,,,,,,,,,,,,,,,,,,,,,,,,,,,,,,,,,,,,,,,,,,,,,,,,,,,,,,,,,,,,,,,,,,,,,,,,,,,,,,,,,,,,,,,,,,,,,,,,,,,,,,,,,,,,,,,,,,,,,,54,54,54,54,,,,,,,,,,,,,,,,,,,,,35,35,35,35,,,,,,,,,,,,,,,,,,,,,,,,,,,,,,,,,,,,,,,,,,,,,,,,,,,,,,,,,,,,,,,,,,,,,,,,,,,,,,,,,,,,,,,,,,,,,38,38,38,38,,,,,,,,,,,,,,,,,,,,,28,28,28,28,,,,,,,,,Sample 1,Sample 1,Sample 1,Sample 1,,,,,,,,,,30.12,30.12,30.12,30.12,,,,,,,,,,,,,,,,,,,,,4.52,4.52,4.52,4.52,,,,,,,,,18,18,18,18,,,,,,,,,44,44,44,44,,,,,,,,,,,,,,,,,,,,,,,,,,,,,,,,,,,,,,,,,,,,,,,,,,,,,,,,,,,,,,,,,,,,,69.39,69.39,69.39,69.39,,,,,,,,,,,,,,,,,,,,,7.25,7.25,7.25,7.25,,,,,,,,,60,60,60,60,,,,,,,,,84,84,84,84,,,,,,,,,,-2.07,-2.17,7.27,7.44,,,,,,,,,1.2,1.06,0.95,0.77,,,,,,,,,,,,,,,,,,,,,,,,,,,,,,,,,,,,,,,,,,,,,,,,,,,,,,,,,-1.54,-1.7,7.03,5.67,,,,,,,,,1.39,1.82,1.03,1.63,,,,,,,,,,,,,,,,,,,,,0.17,0.17,-0.15,-0.6,,,,,,,,,,,,,,,,,,,,,,,,,,,,,,,,,Both,Both,Both,Both,,,,,,,,,,,,,,,,,,,,
443,Rieger 2015,On the Generality of Age Differences in Social and Nonsocial Decision Making,Consensus,Rieger,2015,On the Generality of Age Differences in Social and Nonsocial Decision Making,,Dictator game,,,,,,,,,,,,Description,,,,,,,,,,,,Incentivized,,,,,,,,,,,,Amount given,,,,,,,,,,,,Amount given across all conditions,,,,,,,,,,,,,,,,,,,,,,,,single,,,,,,,,,,,,,740,,,,,,,,,,,,,,,,,,,,,,,,,,,,,,,,,,,,,,,,,,,,,,,,,,,,,,,,,,,,Sample1,,,,,,,,,,,,,53,,,,,,,,,,,,,,,,,,,,,,,,15,,,,,,,,,,,,17,,,,,,,,,,,,92,,,,,,,,,,,,,,,,,,,,,,,,,,,,,,,,,,,,,,,,,,,,,,,,,,,,,,,,,,,,,,,,,,,,,,,,,,,,,,,,,,,,,,,,,,,,,,,,,,,,,,,,,,,,,,,,,,,,,,,,,,,,,,,,,,,,,,,,,,,,,,,,,,,,,,,,,,,,,,,,,,,,,,,,,,,,,,,,,,,,,,,,,,,,,,,,,,,,,,,,,,,,,,,,,,,,,,,,,,,,,,,,,,,,,,,,,,,,,,,,,,,,,,,,,,,,,,,,,,,,,,,,,,,,,,,,,,,,,,,,,,,,,,,,,,,,,,,,,,,,,,,,,,,,,,,,,,,,,,,,,,,,,,,,,,,,,,,,,,,,,,,,,,,,,,,,,,,,,,,,,,,,,,,,,,,,,,,,,,,,,,,,,,,,,,,,,,,,,,,,,,,,,,,,,,,,,,,,,,,,,,,,,,,,,,,,,,,,,,,,,,,,,,,,,,,,,,,,,,,,,,,,,,,,,,,,,,,,,,,,,,,,,,,,,,,,,,,0.03,,,,,,,,,,,,,,,,,,,,,,,,,,,,,,,,,,,,Age continous,,,,,,,,,,,,,,,,,,,,,,,
442,Kettner 2016,Old age and prosocial behavior: Social preferences or experimental confounds?,Consensus,Kettner,2016,Old age and prosocial behavior: Social preferences or experimental confounds?,,Dictator Game,Dictator Game,Dictator Game,Dictator Game,,,,,,,,,Description,Description,Description,Description,,,,,,,,,Hypothetical,Hypothetical,Incentivized,Incentivized,,,,,,,,,Percent given,Percent given,Percent given,Percent given,,,,,,,,,Percentage of endowment allocated to recipient. 5 euro endowment condition. Take framing,Percentage of endowment allocated to recipient. 5 euro endowment condition. Give framing,Percentage of endowment allocated to recipient. 5 euro endowment condition. Take framing,Percentage of endowment allocated to recipient. 5 euro endowment condition. Give framing,,,,,,,,,,,,,,,,,,,,,single,single,single,single,,,,,,,,,,,,,,,,,,,,,,,,,,,,,,,,,,,,,,,,,,,,,,,,,,,,,,,,,,,,,,,,,,,,,,Subsample 1,Subsample 2,Subsample 3,Subsample 4,,,,,,,,,,,,,,,,,,,,,,,,,,,,,,,,,,,,,,,,,,,,,,,,,,,,,,,,,,,,,,,,,,,,,,,,,,,,,,,,,,,,,,,,,,,,,,,,,,,,,,,,,,,,,,,,,,,,,,,,,,,,,,,,,,,,,,,,,,,,,,,,,,,,,,,,,,,,,,,,,,,,,,,,,,,,,,,,,,,,,,,,,,,,,,,,,,,,,,,,,,,,,,,,,,,,,,,,,,,,,,,,,,,,,,,,,,,,,,,,,,,,,,,,,,,,,,,,,,,,,,,,,,,,,,,,,,,,,,,,,,,,,,,,,,,,,,,,,,,,,,,,,,,,,,,,,,,,,,,,,,,,,,,,,,,,,,,,,,,,,,,,,,,,,,,,,,,,,,,,,,,,,,,,,,,,,,,,,,,,,,,,,,,,,,,,,,,,,,,,,,,,,,,,,,,,,,,,,,,,,,,,,,,,,,,,,,,,,,,,,,,,,,,,,,,,,,,,,,,,,,,,,,,,,,,,,,,,,,,,,,,,,,,,,,,,,,,,,,,,,,,,,,,,,,,,,,,,,,,,,,,,,,,,,,,,,,,,,,,,,,,,,,,,,,,,,,,,,,,,,,,,,,,,,,,,,,,,,,,,,,,,,,,,,Age continuous,Age continuous,Age continuous,Age continuous,,,,,,,,,Raw data available,Raw data available,Raw data available,Raw data available,,,,,,,,
433,Beadle 2015,"Aging, Empathy, and Prosociality",Consensus,Beadle,2015,"Aging, Empathy, and Prosociality",,Dictator Game,,,,,,,,,,,,Description,,,,,,,,,,,,Hypothetical,,,,,,,,,,,,Amount donated,,,,,,,,,,,,Mean dollar amount given in the neutral condition.,,,,,,,,,,,,,,,,,,,,,,,,single,,,,,,,,,,,,,,,,,,,,,,,,,,,,,,,,,,,,,,,,,,,,,,,,,,,,,,,,,,,,,,,,,,,,,,,,,,,,,,,,,,,,,,,,,,,,,,,,,,,,,,,,,,,,,,,,,,,,,,,,,,,,,,,,,,,,,,,,,,,,,,,,,,,24,,,,,,,,,,,,,,,,,,,,,,,,15,,,,,,,,,,,,,,,,,,,,,,,,,,,,,,,,,,,,,,,,,,,,,,,,,,,,,,,,,,,,,,,,,,,,,,,,,,,,,,,,,,,,,,,,,,,,,,,,24,,,,,,,,,,,,,,,,,,,,,,,,15,,,,,,,,,,,,,,,,,,,,,,,,,,,,,,,,,,,,Sample1,,,,,,,,,,,,,19.83,,,,,,,,,,,,,,,,,,,,,,,,2.01,,,,,,,,,,,,18,,,,,,,,,,,,26,,,,,,,,,,,,,,,,,,,,,,,,,,,,,,,,,,,,,,,,,,,,,,,,,,,,,,,,,,,,,,,,,,,,,,,,77.92,,,,,,,,,,,,,,,,,,,,,,,,7.71,,,,,,,,,,,,67,,,,,,,,,,,,93,,,,,,,,,,,,,3.79,,,,,,,,,,,,1.61,,,,,,,,,,,,,,,,,,,,,,,,,,,,,,,,,,,,,,,,,,,,,,,,,,,,,,,,,,,,3.79,,,,,,,,,,,,1.86,,,,,,,,,,,,,,,,,,,,,,,,,,,,,,,,,,,,,,,,,,,,,,,,,,,,,,,,,,,,Extreme group (M + SD),,,,,,,,,,,,,,,,,,,,,,,
431,Rosi 2019,Prosocial behavior in aging: which factors can explain age-related differences in social-economic decision making?,Consensus,Rosi,2019,Prosocial behavior in aging: which factors can explain age-related differences in social-economic decision making?,,Dictator Game,,,,,,,,,,,,Description,,,,,,,,,,,,Hypothetical,,,,,,,,,,,,Percent given,,,,,,,,,,,,Percentage of money offered to the recipient in the no description condition,,,,,,,,,,,,,,,,,,,,,,,,single,,,,,,,,,,,,,,,,,,,,,,,,,,,,,,,,,,,,,,,,,,,,,,,,,,,,,,,,,,,,,,,,,,,,,,,,,,,,,,,,,,,,,,,,,,,,,,,,,,,,,,,,,,,,,,,,,,,,,,,,,,,,,,,,,,,,,,,,,,,,,,,,,,,48,,,,,,,,,,,,,,,,,,,,,,,,18,,,,,,,,,,,,,,,,,,,,,,,,,,,,,,,,,,,,,,,,,,,,,,,,,,,,,,,,,,,,,,,,,,,,,,,,,,,,,,,,,,,,,,,,,,,,,,,,48,,,,,,,,,,,,,,,,,,,,,,,,10,,,,,,,,,,,,,,,,,,,,,,,,,,,,,,,,,,,,Sample 1,,,,,,,,,,,,,23.29,,,,,,,,,,,,,,,,,,,,,,,,2.2,,,,,,,,,,,,19,,,,,,,,,,,,30,,,,,,,,,,,,,,,,,,,,,,,,,,,,,,,,,,,,,,,,,,,,,,,,,,,,,,,,,,,,,,,,,,,,,,,,70.19,,,,,,,,,,,,,,,,,,,,,,,,5.13,,,,,,,,,,,,61,,,,,,,,,,,,82,,,,,,,,,,,,,,,,,,,,,,,,,,,,,,,,,,,,,,,,,,,,,,,,,,,,,,,,,,,,,,,,,,,,,,,,,,,,,,,,,,,,,,,,,,,,,,,,,,,,,,,,,,,,,,,,,,,,,,,,,,,,,,,,,,,,,,,,,,,,,,,,,,,,,,,,,,,,,Extreme group (M + SD),,,,,,,,,,,,Figure 2,,,,,,,,,,,
430,Roalf 2012,"Risk, Reward, and Economic Decision Making in Aging",Consensus,Roalf,2012,"Risk, Reward, and Economic Decision Making in Aging",,Dictator game,,,,,,,,,,,,Description,,,,,,,,,,,,Unknown,,,,,,,,,,,,Amount given,,,,,,,,,,,,Amount given to recipient,,,,,,,,,,,,,,,,,,,,,,,,single,,,,,,,,,,,,,,,,,,,,,,,,,,,,,,,,,,,,,,,,,,,,,,,,,,,,,,,,,,,,,,,,,,,,,,,,,,,,,,,,,,,,,,,,,,,,,,,,,,,,,,,,,,,,,,,,,,,,,,,,,,,,,,,,,,,,,,,,,,,,,,,,,,,29,,,,,,,,,,,,,,,,,,,,,,,,14,,,,,,,,,,,,,,,,,,,,,,,,15,,,,,,,,,,,,,,,,,,,,,,,,,,,,,,,,,,,,,,,,,,,,,,,,,,,,,,,,,,,,,,,,,,,,,,,,27,,,,,,,,,,,,,,,,,,,,,,,,14,,,,,,,,,,,,,,,,,,,,,,,,13,,,,,,,,,,,,Sample 1,,,,,,,,,,,,,30.14,,,,,,,,,,,,,,,,,,,,,,,,5.53,,,,,,,,,,,,21,,,,,,,,,,,,45,,,,,,,,,,,,,,,,,,,,,,,,,,,,,,,,,,,,,,,,,,,,,,,,,,,,,,,,,,,,,,,,,,,,,,,,71.3,,,,,,,,,,,,,,,,,,,,,,,,4.36,,,,,,,,,,,,65,,,,,,,,,,,,85,,,,,,,,,,,,,4,,,,,,,,,,,,2.51,,,,,,,,,,,,,,,,,,,,,,,,,,,,,,,,,,,,,,,,,,,,,,,,,,,,,,,,,,,,4.23,,,,,,,,,,,,1.7,,,,,,,,,,,,,,,,,,,,,,,,,,,,,,,,,,,,,,,,,,,,,,,,,,,,,,,,,,,,Extreme group (M + SD),,,,,,,,,,,,,,,,,,,,,,,